-- MariaDB dump 10.17  Distrib 10.4.15-MariaDB, for Linux (x86_64)
--
-- Host: mysql.hostinger.ro    Database: u574849695_21
-- ------------------------------------------------------
-- Server version	10.4.15-MariaDB-cll-lve

/*!40101 SET @OLD_CHARACTER_SET_CLIENT=@@CHARACTER_SET_CLIENT */;
/*!40101 SET @OLD_CHARACTER_SET_RESULTS=@@CHARACTER_SET_RESULTS */;
/*!40101 SET @OLD_COLLATION_CONNECTION=@@COLLATION_CONNECTION */;
/*!40101 SET NAMES utf8mb4 */;
/*!40103 SET @OLD_TIME_ZONE=@@TIME_ZONE */;
/*!40103 SET TIME_ZONE='+00:00' */;
/*!40014 SET @OLD_UNIQUE_CHECKS=@@UNIQUE_CHECKS, UNIQUE_CHECKS=0 */;
/*!40014 SET @OLD_FOREIGN_KEY_CHECKS=@@FOREIGN_KEY_CHECKS, FOREIGN_KEY_CHECKS=0 */;
/*!40101 SET @OLD_SQL_MODE=@@SQL_MODE, SQL_MODE='NO_AUTO_VALUE_ON_ZERO' */;
/*!40111 SET @OLD_SQL_NOTES=@@SQL_NOTES, SQL_NOTES=0 */;

USE vk;

--
-- Table structure for table `communities`
--

DROP TABLE IF EXISTS `communities`;
/*!40101 SET @saved_cs_client     = @@character_set_client */;
/*!40101 SET character_set_client = utf8 */;
CREATE TABLE `communities` (
  `id` bigint(20) unsigned NOT NULL AUTO_INCREMENT,
  `name` varchar(145) COLLATE utf8mb4_unicode_ci NOT NULL,
  `description` varchar(245) COLLATE utf8mb4_unicode_ci DEFAULT NULL,
  `admin_id` bigint(20) unsigned NOT NULL,
  PRIMARY KEY (`id`),
  KEY `fk_communities_users_admin_idx` (`admin_id`),
  CONSTRAINT `fk_communities_users` FOREIGN KEY (`admin_id`) REFERENCES `users` (`id`)
) ENGINE=InnoDB AUTO_INCREMENT=21 DEFAULT CHARSET=utf8mb4 COLLATE=utf8mb4_unicode_ci;
/*!40101 SET character_set_client = @saved_cs_client */;

--
-- Dumping data for table `communities`
--

LOCK TABLES `communities` WRITE;
/*!40000 ALTER TABLE `communities` DISABLE KEYS */;
INSERT INTO `communities` VALUES (1,'repudiandae','Tempore voluptate aspernatur aut rerum veritatis. Illum sint voluptatum magni est quasi. Consequatur velit eveniet id consequatur.',88),(2,'qui','Minus ex itaque dolore laboriosam ea quia amet dolorem. Occaecati id aut perferendis provident esse est et qui. Illo omnis qui commodi dolorum sunt praesentium.',89),(3,'et','Rem ea ipsum iure quo assumenda. Adipisci natus culpa et sunt suscipit nemo nemo debitis. Repellat nisi velit omnis non placeat.',55),(4,'aspernatur','Et officiis quia asperiores. Dolor voluptatibus harum esse tempore. Quia eum voluptas illo.',53),(5,'reprehenderit','Eum nostrum alias est voluptatibus ut. Illo et distinctio dolorem ratione. Consequuntur qui aut eligendi exercitationem voluptatem.',59),(6,'aspernatur','Rerum occaecati tenetur odit qui aut. Iste accusamus et eos accusantium. Est id magni vitae dolores quis quis. Voluptatem perferendis atque explicabo dolorem rerum voluptates.',22),(7,'accusamus','Et doloremque excepturi reprehenderit sequi fugiat id architecto. Suscipit facere vel a et pariatur ut harum. Vero quis alias qui deserunt enim vero. Vel distinctio quod error libero repellendus sit libero.',16),(8,'dolor','Qui aliquid est nobis at dolor optio. Fuga distinctio et eos dolore nam repudiandae numquam. Asperiores quo corporis esse qui quia.',70),(9,'rerum','Dolores reiciendis molestiae repellat asperiores voluptatem. Quis quo laudantium rerum deserunt aut quos saepe. Necessitatibus itaque qui corrupti qui est quae ut deleniti. Inventore odio autem deleniti id.',17),(10,'qui','Ullam omnis saepe omnis quo dolorum omnis exercitationem. Ut est ipsa ea corrupti assumenda quidem quae debitis. Aut ut reiciendis dolor culpa. Quis consequatur dolore amet corporis voluptatem quidem.',98),(11,'et','Temporibus asperiores qui minima nam quis explicabo. Expedita facilis sed fugiat deserunt nihil. Soluta possimus omnis similique in temporibus. Placeat ab impedit inventore dolorem eos.',85),(12,'placeat','Enim et rem animi est similique. Consequatur at et vel ab. Perferendis qui ut repellendus rerum occaecati iusto. Laboriosam officiis nobis accusamus a quaerat officiis aliquam quibusdam.',51),(13,'rerum','Saepe ducimus ut et quas aliquid eum. Esse aut omnis saepe at. Et aut consequatur suscipit est.',21),(14,'ut','Rerum omnis exercitationem quo et nemo nihil sit vel. Esse aut non cupiditate quis dicta et quam. Dicta delectus suscipit modi iste ea sed.',89),(15,'voluptates','Aut nobis sed sunt a numquam. Reiciendis nostrum voluptatem optio ea quo dignissimos sit. Assumenda ipsam consequuntur est reiciendis aliquid nihil.',74),(16,'repellat','Iusto assumenda tempore ab alias eum. Vitae nulla magnam a quas recusandae velit aspernatur. Architecto ex dicta est nam. Eos natus officiis fugiat nesciunt odit. Voluptatum qui aperiam et.',94),(17,'voluptatum','Ipsum libero rerum quod eaque. Natus omnis ad sed quas et et asperiores.',33),(18,'cumque','Molestias ut unde amet delectus. Consequatur et vitae quas voluptate animi nisi. Quibusdam sunt repudiandae in.',85),(19,'omnis','Illum velit quasi sed dignissimos doloremque voluptatem. Suscipit magni non repellendus ipsa saepe. Debitis qui beatae doloribus delectus.',13),(20,'est','Et eum dolore quos. Ipsam libero voluptas et. Ut iusto voluptatem sed exercitationem eius atque et.',87);
/*!40000 ALTER TABLE `communities` ENABLE KEYS */;
UNLOCK TABLES;

--
-- Table structure for table `communities_users`
--

DROP TABLE IF EXISTS `communities_users`;
/*!40101 SET @saved_cs_client     = @@character_set_client */;
/*!40101 SET character_set_client = utf8 */;
CREATE TABLE `communities_users` (
  `community_id` bigint(20) unsigned NOT NULL,
  `user_id` bigint(20) unsigned NOT NULL,
  `created_at` datetime NOT NULL DEFAULT current_timestamp(),
  PRIMARY KEY (`community_id`,`user_id`),
  KEY `communities_users_comm_idx` (`community_id`),
  KEY `communities_users_users_idx` (`user_id`),
  CONSTRAINT `fk_communities_users_comm` FOREIGN KEY (`community_id`) REFERENCES `communities` (`id`),
  CONSTRAINT `fk_communities_users_users` FOREIGN KEY (`user_id`) REFERENCES `users` (`id`)
) ENGINE=InnoDB DEFAULT CHARSET=utf8mb4 COLLATE=utf8mb4_unicode_ci;
/*!40101 SET character_set_client = @saved_cs_client */;

--
-- Dumping data for table `communities_users`
--

LOCK TABLES `communities_users` WRITE;
/*!40000 ALTER TABLE `communities_users` DISABLE KEYS */;
INSERT INTO `communities_users` VALUES (1,4,'2004-08-26 08:50:05'),(1,19,'2008-02-01 17:00:38'),(1,22,'2002-10-14 01:21:31'),(1,24,'2015-02-11 06:25:02'),(1,42,'2003-12-20 13:01:09'),(1,45,'2011-03-23 09:56:04'),(1,53,'2001-09-05 07:41:51'),(1,73,'2011-07-12 02:47:01'),(1,86,'2021-01-04 22:17:23'),(2,38,'2018-04-04 13:33:16'),(2,48,'2006-12-03 20:07:59'),(2,57,'2017-07-16 14:42:47'),(2,71,'2018-01-09 19:47:07'),(2,75,'2003-11-21 02:17:37'),(3,7,'2017-09-27 05:27:20'),(3,8,'2017-04-15 20:54:41'),(3,16,'2016-02-16 22:25:36'),(3,34,'2018-10-25 22:55:58'),(3,35,'2020-07-04 19:21:44'),(3,42,'2005-02-05 11:17:13'),(3,56,'2020-08-14 21:24:03'),(3,63,'2019-10-23 10:03:06'),(3,76,'2009-09-09 15:35:29'),(3,80,'2013-01-28 23:59:44'),(3,84,'2019-11-20 06:26:57'),(3,90,'2017-03-14 06:47:51'),(3,94,'2014-06-08 18:47:00'),(3,95,'2000-01-09 03:49:12'),(4,12,'2005-12-01 11:01:43'),(4,27,'2008-09-09 05:52:19'),(4,50,'2002-01-28 13:39:49'),(4,84,'2020-01-16 09:03:57'),(5,3,'2002-08-03 05:58:05'),(5,8,'2001-07-20 05:53:46'),(5,12,'2007-05-06 16:33:43'),(5,26,'2017-06-10 04:11:28'),(5,38,'2001-10-21 04:45:17'),(5,42,'2008-12-04 10:16:27'),(5,43,'2007-02-11 03:51:03'),(5,46,'2006-07-17 01:09:26'),(5,47,'2016-11-26 11:38:01'),(5,48,'2013-02-15 00:43:47'),(5,72,'2013-05-05 08:51:52'),(5,81,'2012-04-20 03:37:34'),(5,89,'2009-05-03 16:36:09'),(6,27,'2007-03-20 13:24:08'),(6,28,'2005-08-09 01:06:22'),(6,29,'2000-11-22 09:59:52'),(6,41,'2006-10-12 16:25:50'),(6,43,'2009-07-14 22:50:04'),(6,53,'2011-06-16 14:13:24'),(6,91,'2020-09-21 12:25:30'),(6,96,'2001-10-09 13:49:44'),(6,100,'2019-08-14 14:01:26'),(7,1,'2016-05-21 02:25:23'),(7,14,'2006-11-23 04:21:50'),(7,18,'2011-11-23 22:34:19'),(7,30,'2003-05-08 13:01:01'),(7,62,'2000-02-13 11:59:02'),(7,78,'2016-04-26 06:21:37'),(7,80,'2000-07-05 10:28:00'),(8,1,'2017-01-17 12:21:47'),(8,4,'2002-11-08 15:07:03'),(8,7,'2012-03-30 07:43:30'),(8,17,'2009-03-02 12:32:55'),(8,22,'2009-12-07 14:43:07'),(8,45,'2007-07-26 00:39:11'),(8,59,'2005-10-06 12:41:44'),(8,64,'2013-01-15 13:00:59'),(8,79,'2017-09-25 07:06:23'),(9,2,'2011-08-30 18:47:49'),(9,12,'2003-08-05 03:34:58'),(9,24,'2009-01-22 02:38:11'),(9,27,'2006-08-26 04:30:53'),(9,39,'2002-05-07 05:46:52'),(9,48,'2001-08-07 13:26:55'),(9,54,'2020-11-19 04:02:46'),(9,59,'2013-02-20 00:06:43'),(9,82,'2000-10-11 05:04:45'),(9,84,'2005-11-10 16:52:34'),(9,87,'2005-10-12 03:37:29'),(9,94,'2008-05-21 22:05:32'),(9,95,'2014-09-15 00:49:00'),(10,25,'2011-10-19 08:03:19'),(10,39,'2008-10-23 09:35:07'),(10,51,'2008-02-18 17:13:34'),(10,67,'2017-07-14 19:43:02'),(10,79,'2013-07-21 21:16:32'),(10,96,'2005-11-09 22:25:34'),(11,8,'2003-10-19 04:14:47'),(11,10,'2017-11-11 10:03:25'),(11,19,'2010-04-09 15:42:01'),(11,27,'2000-06-07 16:52:43'),(11,29,'2008-05-13 02:32:55'),(11,46,'2007-10-02 20:58:06'),(11,55,'2008-10-20 00:09:48'),(11,63,'2010-10-05 14:49:41'),(11,65,'2016-04-29 04:08:08'),(11,82,'2012-03-16 13:36:59'),(12,8,'2013-04-15 04:27:13'),(12,10,'2010-11-04 04:19:22'),(12,16,'2008-02-03 19:39:09'),(12,21,'2007-04-24 13:23:28'),(12,34,'2003-05-23 13:40:01'),(12,43,'2000-06-19 09:05:00'),(12,50,'2002-06-11 20:03:51'),(12,53,'2014-01-19 15:44:15'),(12,54,'2007-01-22 11:34:18'),(12,57,'2009-01-29 18:10:34'),(12,77,'2009-01-21 21:27:13'),(13,11,'2015-01-15 19:45:36'),(13,15,'2006-03-28 00:44:44'),(13,19,'2013-04-23 19:55:19'),(13,33,'2002-09-18 05:24:32'),(13,35,'2018-12-18 18:39:48'),(13,36,'2006-06-09 18:18:05'),(13,54,'2020-08-08 13:31:38'),(13,59,'2011-10-20 07:13:19'),(13,67,'2010-10-29 13:40:59'),(13,74,'2004-09-28 20:18:20'),(13,76,'2010-09-14 15:52:35'),(13,88,'2007-10-15 16:47:20'),(13,97,'2020-07-07 02:41:23'),(14,7,'2015-01-10 06:20:35'),(14,10,'2006-03-05 22:09:10'),(14,25,'2006-04-26 09:42:40'),(14,29,'2009-09-03 11:13:04'),(14,32,'2018-04-19 00:34:27'),(14,33,'2018-12-25 18:32:30'),(14,46,'2006-02-11 13:13:52'),(14,83,'2016-01-16 20:39:58'),(14,94,'2009-09-24 19:03:33'),(14,95,'2004-05-11 06:32:08'),(15,21,'2015-10-21 10:34:29'),(15,33,'2010-03-04 12:25:12'),(15,44,'2019-12-19 12:11:20'),(15,45,'2019-09-19 21:39:22'),(15,49,'2013-08-27 03:14:43'),(15,51,'2008-08-05 03:36:34'),(15,52,'2008-02-15 20:10:37'),(15,58,'2006-10-17 17:13:14'),(16,18,'2019-10-01 07:25:39'),(16,36,'2009-11-24 14:41:32'),(16,38,'2011-02-08 02:01:16'),(16,44,'2015-06-20 19:15:15'),(16,46,'2001-08-02 19:37:45'),(16,48,'2005-07-02 00:13:13'),(16,83,'2021-01-23 18:48:29'),(16,88,'2014-05-28 02:26:03'),(17,3,'2007-03-13 12:29:14'),(17,17,'2005-10-29 18:53:45'),(17,23,'2001-09-18 00:20:52'),(17,25,'2008-10-21 16:01:10'),(17,42,'2007-11-23 21:46:51'),(17,47,'2019-03-31 02:45:59'),(17,54,'2006-03-20 23:57:03'),(17,62,'2006-04-13 20:34:23'),(17,67,'2016-02-02 02:58:38'),(17,69,'2006-02-07 19:28:47'),(17,70,'2021-02-25 08:15:06'),(17,79,'2009-05-18 19:45:34'),(17,83,'2015-08-22 14:00:59'),(17,99,'2005-08-03 00:21:16'),(18,35,'2001-02-05 20:41:57'),(18,37,'2019-08-10 15:01:11'),(18,41,'2000-02-09 11:16:08'),(18,47,'2017-05-08 02:05:18'),(18,51,'2006-02-22 05:24:47'),(18,52,'2007-08-31 03:55:34'),(18,87,'2015-10-17 15:11:55'),(19,9,'2012-05-29 19:19:09'),(19,11,'2009-12-30 03:11:19'),(19,20,'2018-01-15 02:47:08'),(19,43,'2001-06-02 23:30:48'),(19,52,'2011-02-17 01:05:58'),(19,72,'2008-08-10 04:33:00'),(20,7,'2007-12-25 16:20:28'),(20,9,'2005-07-13 17:22:44'),(20,12,'2002-11-30 18:03:38'),(20,17,'2002-03-04 21:33:58'),(20,65,'2013-11-10 19:23:28'),(20,77,'2017-08-20 12:08:58'),(20,78,'2005-12-18 00:09:29'),(20,84,'2009-10-10 18:11:18'),(20,94,'2001-04-27 09:14:58'),(20,95,'2003-02-14 20:24:34');
/*!40000 ALTER TABLE `communities_users` ENABLE KEYS */;
UNLOCK TABLES;

--
-- Table structure for table `friend_requests`
--

DROP TABLE IF EXISTS `friend_requests`;
/*!40101 SET @saved_cs_client     = @@character_set_client */;
/*!40101 SET character_set_client = utf8 */;
CREATE TABLE `friend_requests` (
  `from_user_id` bigint(20) unsigned NOT NULL,
  `to_user_id` bigint(20) unsigned NOT NULL,
  `accepted` tinyint(1) DEFAULT 0,
  PRIMARY KEY (`from_user_id`,`to_user_id`),
  KEY `fk_friend_requests_from_user_idx` (`from_user_id`),
  KEY `fk_friend_requests_to_user_idx` (`to_user_id`),
  CONSTRAINT `fk_friend_requests_users_1` FOREIGN KEY (`from_user_id`) REFERENCES `users` (`id`),
  CONSTRAINT `fk_friend_requests_users_2` FOREIGN KEY (`to_user_id`) REFERENCES `users` (`id`)
) ENGINE=InnoDB DEFAULT CHARSET=utf8mb4 COLLATE=utf8mb4_unicode_ci;
/*!40101 SET character_set_client = @saved_cs_client */;

--
-- Dumping data for table `friend_requests`
--

LOCK TABLES `friend_requests` WRITE;
/*!40000 ALTER TABLE `friend_requests` DISABLE KEYS */;
INSERT INTO `friend_requests` VALUES (1,24,0),(2,56,1),(3,83,1),(4,84,1),(5,41,1),(6,42,1),(7,82,1),(8,66,1),(9,15,0),(10,42,0),(11,91,0),(12,13,1),(13,12,1),(14,26,1),(15,22,0),(16,56,0),(17,73,1),(18,8,0),(19,18,1),(20,85,0),(21,45,0),(22,87,1),(23,42,1),(24,83,1),(25,31,0),(26,38,0),(27,89,0),(28,54,0),(29,78,1),(30,30,1),(31,9,1),(32,1,0),(33,86,1),(34,91,0),(35,85,0),(36,26,0),(37,32,1),(38,67,0),(39,91,0),(40,47,1),(41,8,0),(42,82,0),(43,60,0),(44,20,1),(45,8,0),(46,82,1),(47,75,0),(48,80,0),(49,89,0),(50,92,0);
/*!40000 ALTER TABLE `friend_requests` ENABLE KEYS */;
UNLOCK TABLES;

--
-- Table structure for table `media`
--

DROP TABLE IF EXISTS `media`;
/*!40101 SET @saved_cs_client     = @@character_set_client */;
/*!40101 SET character_set_client = utf8 */;
CREATE TABLE `media` (
  `id` bigint(20) unsigned NOT NULL AUTO_INCREMENT,
  `user_id` bigint(20) unsigned NOT NULL,
  `media_types_id` int(10) unsigned NOT NULL,
  `file_name` varchar(245) COLLATE utf8mb4_unicode_ci DEFAULT NULL COMMENT '/files/folder/img.png',
  `file_size` bigint(20) DEFAULT NULL,
  `created_at` datetime NOT NULL DEFAULT current_timestamp(),
  PRIMARY KEY (`id`),
  KEY `fk_media_users_idx` (`user_id`),
  KEY `fk_media_media_types` (`media_types_id`),
  CONSTRAINT `fk_media_media_types` FOREIGN KEY (`media_types_id`) REFERENCES `media_types` (`id`),
  CONSTRAINT `fk_media_users` FOREIGN KEY (`user_id`) REFERENCES `users` (`id`)
) ENGINE=InnoDB AUTO_INCREMENT=201 DEFAULT CHARSET=utf8mb4 COLLATE=utf8mb4_unicode_ci;
/*!40101 SET character_set_client = @saved_cs_client */;

--
-- Dumping data for table `media`
--

LOCK TABLES `media` WRITE;
/*!40000 ALTER TABLE `media` DISABLE KEYS */;
INSERT INTO `media` VALUES (1,1,1,'architecto',485310,'2011-12-05 13:56:30'),(2,2,2,'officiis',1892067,'2003-06-12 18:31:34'),(3,3,3,'pariatur',710158,'2006-10-29 19:46:32'),(4,4,4,'quia',1739223,'2012-12-22 00:13:57'),(5,5,1,'dolor',88615,'2002-08-23 05:48:42'),(6,6,2,'sed',618491,'2000-08-13 21:09:18'),(7,7,3,'sit',1484012,'2017-05-26 21:01:10'),(8,8,4,'facere',1878019,'2000-05-06 17:10:26'),(9,9,1,'voluptatem',350084,'2015-06-23 20:22:02'),(10,10,2,'et',1865721,'2008-11-16 14:41:21'),(11,11,3,'at',417913,'2020-10-30 16:40:09'),(12,12,4,'dolor',1311470,'2000-06-28 04:46:06'),(13,13,1,'commodi',515135,'2006-08-18 14:00:27'),(14,14,2,'et',1409028,'2021-01-20 17:18:59'),(15,15,3,'quis',30855,'2015-01-01 17:05:42'),(16,16,4,'unde',1838912,'2004-12-21 16:35:42'),(17,17,1,'nulla',1782104,'2016-01-06 20:16:01'),(18,18,2,'et',1215973,'2014-10-12 23:09:49'),(19,19,3,'eligendi',372394,'2000-06-07 14:53:10'),(20,20,4,'esse',1124674,'2013-06-23 22:37:43'),(21,21,1,'odio',1534426,'2003-02-28 11:32:27'),(22,22,2,'eligendi',1649818,'2019-07-10 03:37:18'),(23,23,3,'ut',52676,'2000-12-19 10:45:42'),(24,24,4,'sunt',106026,'2001-05-02 13:50:31'),(25,25,1,'eligendi',1640418,'2010-02-01 05:31:23'),(26,26,2,'ipsa',1779791,'2005-11-20 02:58:27'),(27,27,3,'perspiciatis',1194361,'2001-07-27 20:57:00'),(28,28,4,'autem',1651747,'2015-08-31 22:30:00'),(29,29,1,'magni',899296,'2010-06-28 08:39:35'),(30,30,2,'recusandae',1943264,'2009-10-07 14:08:28'),(31,31,3,'et',568673,'2009-07-09 23:38:08'),(32,32,4,'voluptatem',1134310,'2019-08-13 06:40:17'),(33,33,1,'repudiandae',1870526,'2009-04-16 09:31:05'),(34,34,2,'aut',1128679,'2020-10-01 04:39:36'),(35,35,3,'optio',1869208,'2011-11-26 19:05:06'),(36,36,4,'quaerat',1149916,'2014-03-05 08:16:33'),(37,37,1,'molestias',1252784,'2000-01-02 07:57:44'),(38,38,2,'est',974415,'2011-06-30 08:38:44'),(39,39,3,'est',1530593,'2007-03-20 03:09:48'),(40,40,4,'sed',323777,'2011-06-20 12:14:06'),(41,41,1,'perferendis',571734,'2006-12-25 22:20:13'),(42,42,2,'aliquid',621365,'2004-08-31 19:02:02'),(43,43,3,'dignissimos',1448608,'2015-05-07 09:09:53'),(44,44,4,'nihil',350334,'2011-06-26 05:11:15'),(45,45,1,'architecto',1494590,'2001-01-24 02:03:56'),(46,46,2,'sint',1343570,'2007-06-16 09:27:05'),(47,47,3,'sapiente',1182350,'2009-06-27 05:55:52'),(48,48,4,'maxime',180077,'2011-03-15 17:47:08'),(49,49,1,'aut',659926,'2017-03-11 01:10:53'),(50,50,2,'dolor',1915774,'2013-05-25 02:01:53'),(51,51,3,'modi',86515,'2003-06-03 19:14:41'),(52,52,4,'aut',1462212,'2016-01-26 22:29:03'),(53,53,1,'tenetur',1233196,'2012-01-06 17:52:18'),(54,54,2,'magnam',1744149,'2008-09-16 04:37:22'),(55,55,3,'voluptatem',733139,'2014-01-10 05:42:47'),(56,56,4,'non',1647445,'2018-06-12 03:59:04'),(57,57,1,'similique',443014,'2009-07-11 16:40:45'),(58,58,2,'nulla',1563206,'2005-04-26 01:43:33'),(59,59,3,'sed',485714,'2000-01-05 21:12:46'),(60,60,4,'numquam',1145378,'2012-08-19 16:44:03'),(61,61,1,'neque',1488640,'2000-09-18 17:04:12'),(62,62,2,'atque',1668242,'2009-09-10 02:58:00'),(63,63,3,'iusto',1346918,'2011-04-01 16:32:26'),(64,64,4,'modi',47115,'2004-01-22 22:52:53'),(65,65,1,'vero',1660078,'2014-10-30 04:59:13'),(66,66,2,'asperiores',843090,'2009-05-28 09:42:57'),(67,67,3,'quia',801414,'2001-05-22 17:27:54'),(68,68,4,'ut',1859492,'2001-01-07 03:27:49'),(69,69,1,'aperiam',1180057,'2006-01-05 08:46:04'),(70,70,2,'rem',1998494,'2019-10-12 19:05:17'),(71,71,3,'quidem',361182,'2018-11-28 06:12:15'),(72,72,4,'voluptatem',742786,'2000-08-28 19:20:21'),(73,73,1,'et',1674886,'2007-10-10 10:36:50'),(74,74,2,'et',1063482,'2018-12-26 10:57:18'),(75,75,3,'nulla',1644834,'2008-04-13 11:16:02'),(76,76,4,'qui',488186,'2019-07-22 16:47:43'),(77,77,1,'deleniti',70041,'2016-12-12 22:43:31'),(78,78,2,'possimus',1792501,'2019-07-13 08:56:31'),(79,79,3,'soluta',1886316,'2010-03-08 17:40:32'),(80,80,4,'saepe',335532,'2004-12-22 06:19:11'),(81,81,1,'nihil',1975528,'2013-10-08 07:52:58'),(82,82,2,'reiciendis',1444603,'2011-11-12 01:58:58'),(83,83,3,'aut',1981524,'2017-04-02 01:52:10'),(84,84,4,'voluptatem',1333829,'2017-01-24 06:37:37'),(85,85,1,'eum',1784761,'2008-06-14 03:35:50'),(86,86,2,'culpa',713671,'2015-01-31 08:10:32'),(87,87,3,'dicta',134082,'2009-10-08 07:01:02'),(88,88,4,'culpa',266771,'2004-07-18 20:09:58'),(89,89,1,'et',36132,'2014-10-01 11:21:32'),(90,90,2,'cupiditate',1664800,'2010-12-24 01:38:49'),(91,91,3,'eaque',165644,'2012-10-01 13:02:46'),(92,92,4,'est',548616,'2013-03-21 07:03:28'),(93,93,1,'excepturi',463995,'2011-01-30 04:04:46'),(94,94,2,'consequatur',1535578,'2002-02-07 15:13:07'),(95,95,3,'consequatur',943810,'2007-07-23 16:28:45'),(96,96,4,'nihil',706027,'2009-12-25 13:47:48'),(97,97,1,'rerum',157394,'2006-01-30 14:59:24'),(98,98,2,'facere',1880432,'2005-04-27 09:21:42'),(99,99,3,'corrupti',1624441,'2007-05-22 18:47:58'),(100,100,4,'hic',1596873,'2006-02-27 13:06:18'),(101,1,1,'deserunt',388322,'2004-01-16 19:54:51'),(102,2,2,'sit',428956,'2019-09-18 13:52:30'),(103,3,3,'sapiente',709146,'2008-11-15 03:48:19'),(104,4,4,'vitae',1562327,'2002-04-30 19:13:22'),(105,5,1,'debitis',1949112,'2020-07-14 08:28:10'),(106,6,2,'sunt',127422,'2018-03-27 06:30:27'),(107,7,3,'sint',269541,'2011-09-01 04:31:34'),(108,8,4,'autem',245405,'2016-05-17 07:25:00'),(109,9,1,'dolores',747778,'2018-08-20 21:22:24'),(110,10,2,'et',1036508,'2019-10-08 20:25:45'),(111,11,3,'et',977589,'2013-04-05 17:23:19'),(112,12,4,'neque',190404,'2019-04-09 10:49:09'),(113,13,1,'ut',475724,'2005-06-23 01:27:40'),(114,14,2,'asperiores',1966852,'2002-12-05 05:13:04'),(115,15,3,'laudantium',1108120,'2010-04-22 14:44:22'),(116,16,4,'tenetur',847735,'2001-03-11 00:58:34'),(117,17,1,'tempore',1536135,'2019-05-06 00:16:40'),(118,18,2,'veritatis',350840,'2015-03-26 18:37:51'),(119,19,3,'debitis',1365473,'2020-02-24 16:07:47'),(120,20,4,'ut',1994079,'2000-06-19 14:25:29'),(121,21,1,'nulla',1424780,'2000-10-30 14:34:57'),(122,22,2,'suscipit',688298,'2007-11-11 01:23:28'),(123,23,3,'quia',1755225,'2015-04-25 06:41:20'),(124,24,4,'id',1677138,'2017-02-21 17:07:32'),(125,25,1,'commodi',529784,'2017-09-29 12:37:07'),(126,26,2,'molestiae',1766635,'2004-08-26 16:45:27'),(127,27,3,'maxime',644005,'2017-03-02 01:54:08'),(128,28,4,'natus',1434570,'2007-07-14 13:13:18'),(129,29,1,'ducimus',1888346,'2019-09-24 08:59:58'),(130,30,2,'accusamus',1134408,'2020-06-21 05:22:29'),(131,31,3,'voluptate',1250851,'2017-07-26 04:40:01'),(132,32,4,'nisi',1790407,'2020-03-19 11:46:55'),(133,33,1,'nesciunt',518326,'2009-08-03 06:49:36'),(134,34,2,'nesciunt',1980484,'2004-01-05 22:47:36'),(135,35,3,'pariatur',329837,'2004-07-04 15:38:28'),(136,36,4,'quam',1908412,'2014-02-22 16:21:28'),(137,37,1,'perspiciatis',1987488,'2016-01-06 15:34:40'),(138,38,2,'et',1561022,'2014-07-25 13:04:00'),(139,39,3,'voluptatem',1370348,'2009-09-26 09:04:01'),(140,40,4,'quia',573024,'2019-05-08 13:08:00'),(141,41,1,'quasi',353790,'2017-02-22 07:13:47'),(142,42,2,'deserunt',652215,'2017-10-07 00:33:06'),(143,43,3,'quis',96213,'2000-04-13 15:26:39'),(144,44,4,'omnis',1084247,'2014-10-06 19:25:14'),(145,45,1,'occaecati',1497005,'2009-04-17 08:30:47'),(146,46,2,'veniam',73914,'2016-11-28 08:51:30'),(147,47,3,'repudiandae',543655,'2013-02-13 02:54:21'),(148,48,4,'impedit',49188,'2007-01-06 13:30:22'),(149,49,1,'qui',1927721,'2010-12-25 18:26:27'),(150,50,2,'repellendus',1935005,'2017-04-14 03:14:24'),(151,51,3,'numquam',298317,'2004-02-14 06:28:07'),(152,52,4,'quam',674712,'2005-03-13 04:00:34'),(153,53,1,'rerum',1376228,'2020-07-06 08:28:26'),(154,54,2,'sit',565318,'2017-03-23 18:32:09'),(155,55,3,'officiis',914000,'2014-11-09 07:41:10'),(156,56,4,'nisi',1890645,'2017-07-07 12:29:34'),(157,57,1,'voluptatem',614305,'2015-04-18 15:29:26'),(158,58,2,'non',1448391,'2009-08-29 00:50:37'),(159,59,3,'culpa',889023,'2011-12-11 09:04:30'),(160,60,4,'in',525578,'2018-07-18 22:27:55'),(161,61,1,'sint',727923,'2011-06-06 01:33:51'),(162,62,2,'atque',433917,'2014-08-12 10:10:41'),(163,63,3,'consequatur',1547146,'2006-09-01 13:09:04'),(164,64,4,'est',527866,'2003-09-05 14:45:10'),(165,65,1,'nisi',862397,'2010-05-11 17:02:00'),(166,66,2,'minus',371084,'2011-01-14 14:05:51'),(167,67,3,'qui',221381,'2017-04-25 01:18:14'),(168,68,4,'adipisci',1746019,'2018-07-28 15:56:43'),(169,69,1,'quia',425593,'2011-06-16 05:58:56'),(170,70,2,'reiciendis',1998223,'2002-07-19 17:46:38'),(171,71,3,'quod',1437946,'2008-05-24 09:52:48'),(172,72,4,'dolorum',938257,'2012-05-28 16:15:58'),(173,73,1,'inventore',240522,'2002-06-02 04:09:33'),(174,74,2,'quo',617989,'2020-08-17 18:57:01'),(175,75,3,'quod',1205024,'2017-01-04 13:41:36'),(176,76,4,'molestiae',1122097,'2019-07-01 03:45:21'),(177,77,1,'aspernatur',1800013,'2001-11-29 13:54:18'),(178,78,2,'facilis',1683631,'2002-06-24 14:48:43'),(179,79,3,'voluptates',1636620,'2018-06-21 22:48:29'),(180,80,4,'quidem',764503,'2006-11-07 18:41:17'),(181,81,1,'officiis',159319,'2018-11-27 03:43:35'),(182,82,2,'nobis',881823,'2010-02-06 09:43:29'),(183,83,3,'possimus',91578,'2020-03-28 01:32:21'),(184,84,4,'veniam',1242233,'2000-06-15 03:29:05'),(185,85,1,'est',1065600,'2017-03-05 23:14:51'),(186,86,2,'animi',313519,'2021-03-10 22:03:38'),(187,87,3,'quia',1933545,'2001-04-13 13:23:38'),(188,88,4,'sed',360820,'2003-04-22 04:14:37'),(189,89,1,'quos',1085832,'2004-10-26 20:24:10'),(190,90,2,'inventore',850560,'2017-10-30 07:47:31'),(191,91,3,'omnis',1713227,'2020-05-06 07:00:47'),(192,92,4,'cumque',922164,'2001-03-28 01:21:17'),(193,93,1,'perspiciatis',823498,'2017-12-01 17:15:11'),(194,94,2,'ut',179826,'2009-06-16 08:45:01'),(195,95,3,'ipsam',1137111,'2020-08-02 06:40:20'),(196,96,4,'ad',100925,'2010-06-28 12:50:41'),(197,97,1,'repellendus',1287677,'2012-09-07 21:24:47'),(198,98,2,'est',443889,'2009-03-30 17:27:49'),(199,99,3,'adipisci',286308,'2002-11-22 09:23:17'),(200,100,4,'velit',1920342,'2019-11-30 03:55:48');
/*!40000 ALTER TABLE `media` ENABLE KEYS */;
UNLOCK TABLES;

--
-- Table structure for table `media_types`
--

DROP TABLE IF EXISTS `media_types`;
/*!40101 SET @saved_cs_client     = @@character_set_client */;
/*!40101 SET character_set_client = utf8 */;
CREATE TABLE `media_types` (
  `id` int(10) unsigned NOT NULL AUTO_INCREMENT,
  `name` varchar(45) COLLATE utf8mb4_unicode_ci NOT NULL,
  PRIMARY KEY (`id`),
  UNIQUE KEY `name` (`name`)
) ENGINE=InnoDB AUTO_INCREMENT=5 DEFAULT CHARSET=utf8mb4 COLLATE=utf8mb4_unicode_ci;
/*!40101 SET character_set_client = @saved_cs_client */;

--
-- Dumping data for table `media_types`
--

LOCK TABLES `media_types` WRITE;
/*!40000 ALTER TABLE `media_types` DISABLE KEYS */;
INSERT INTO `media_types` VALUES (4,'facere'),(2,'impedit'),(1,'repellat'),(3,'voluptas');
/*!40000 ALTER TABLE `media_types` ENABLE KEYS */;
UNLOCK TABLES;

--
-- Table structure for table `messages`
--

DROP TABLE IF EXISTS `messages`;
/*!40101 SET @saved_cs_client     = @@character_set_client */;
/*!40101 SET character_set_client = utf8 */;
CREATE TABLE `messages` (
  `id` bigint(20) unsigned NOT NULL AUTO_INCREMENT,
  `from_user_id` bigint(20) unsigned NOT NULL,
  `to_user_id` bigint(20) unsigned NOT NULL,
  `txt` text COLLATE utf8mb4_unicode_ci NOT NULL,
  `is_delivered` tinyint(1) DEFAULT 0,
  `created_at` datetime NOT NULL DEFAULT current_timestamp(),
  `update_at` datetime DEFAULT NULL ON UPDATE current_timestamp(),
  PRIMARY KEY (`id`),
  KEY `fk_messages_from_user_idx` (`from_user_id`),
  KEY `fk_messages_to_user_idx` (`to_user_id`),
  CONSTRAINT `fk_messages_users_1` FOREIGN KEY (`from_user_id`) REFERENCES `users` (`id`),
  CONSTRAINT `fk_messages_users_2` FOREIGN KEY (`to_user_id`) REFERENCES `users` (`id`)
) ENGINE=InnoDB AUTO_INCREMENT=501 DEFAULT CHARSET=utf8mb4 COLLATE=utf8mb4_unicode_ci;
/*!40101 SET character_set_client = @saved_cs_client */;

--
-- Dumping data for table `messages`
--

LOCK TABLES `messages` WRITE;
/*!40000 ALTER TABLE `messages` DISABLE KEYS */;
INSERT INTO `messages` VALUES (1,15,25,'Dolorum tenetur iste aut doloremque voluptatum est. At quia vel enim et numquam et iure maiores. Et occaecati totam quae aspernatur et optio minima. Recusandae veritatis architecto at pariatur.',1,'2015-04-01 09:42:26','2010-08-18 19:14:57'),(2,36,57,'Labore sequi quo quasi quisquam. Rerum nesciunt voluptas occaecati incidunt in. Veniam aut tempora et consectetur deleniti.',0,'2020-04-11 18:49:18','2004-03-06 13:08:31'),(3,64,26,'Est corporis nostrum eligendi at quam. Distinctio quo nesciunt provident iure cumque nesciunt. Autem pariatur et laudantium minus non. Et repudiandae quam aut suscipit.',1,'2003-12-02 11:17:44','2006-07-15 04:38:57'),(4,70,45,'Occaecati dolore ipsa magnam nihil voluptatem magnam mollitia corrupti. Tempore est suscipit eum tempora dolores nostrum. Sunt ab quisquam tempore voluptas.',1,'2004-10-29 12:41:17','2011-03-18 16:28:51'),(5,34,25,'Voluptas aliquid et fugiat repudiandae. Magnam inventore deleniti aspernatur dolorem et atque dolor. Rerum repellat ad aliquid ullam voluptas.',0,'2016-07-13 10:19:57','2019-11-13 12:29:08'),(6,92,56,'Laborum ut sit nisi quas placeat. Est neque veniam at id rem. Non qui voluptatem aut repudiandae ea qui.',1,'2003-09-27 13:18:27','2013-03-08 03:47:36'),(7,37,25,'Hic harum sed rem sit voluptas. Molestiae et eos vel enim hic similique architecto. Quas aperiam qui quos sed nihil. Facere aut rerum tenetur et ea iure.',0,'2006-01-09 23:56:31','2009-11-26 06:14:26'),(8,71,36,'Vel quod voluptas officiis rerum qui atque. Error sed consequatur minima minima culpa. Dolores rem unde ut et. Soluta doloribus voluptas quaerat quis id earum.',0,'2008-04-25 00:32:07','2002-01-29 04:01:57'),(9,44,44,'Eos occaecati qui ab. Iste eaque nobis id error praesentium consequatur ex voluptate. Eos quia non dolorem magnam molestiae ut.',1,'2000-03-24 23:27:03','2019-08-20 15:43:34'),(10,98,12,'Quis voluptatem cumque ea ad sunt unde. Est vitae doloribus dolores dolore eos deleniti voluptatem dolor. Sequi hic aut et minima. Exercitationem omnis dolore et dolor.',0,'2004-10-14 16:08:24','2004-04-24 00:09:01'),(11,83,67,'Accusantium eum eum molestias deleniti. Nostrum iste unde aperiam voluptates voluptate. Quia aut omnis asperiores corrupti vitae velit. Eaque et illo et voluptatum.',1,'2004-11-30 00:57:55','2011-09-25 04:24:56'),(12,27,45,'Saepe distinctio reiciendis veniam aut debitis odit id. Est totam incidunt et rerum est. Quia molestiae et officiis. Ipsum soluta reprehenderit reiciendis deserunt.',0,'2013-10-16 06:28:53','2020-06-15 08:06:32'),(13,53,32,'Minima alias mollitia eius minima. Qui id autem aut sint aperiam. Ut ut ut qui labore corrupti vel itaque. Adipisci voluptas aut vitae magni autem ipsum et.',1,'2015-12-01 01:10:34','2021-01-01 07:08:16'),(14,85,71,'Omnis quod id hic nisi qui quam. Non vitae ut consequuntur ut quia odit molestias. Suscipit deleniti officiis inventore cumque eveniet. Similique in quia vel.',1,'2016-03-03 10:59:10','2015-11-01 10:23:36'),(15,89,71,'Eos enim est perspiciatis adipisci odio aut harum doloribus. Et inventore debitis ipsam ipsam. Minima sit maxime tempore. Recusandae ut explicabo nam soluta quisquam ipsum.',0,'2014-07-19 19:08:09','2005-05-18 20:14:40'),(16,84,3,'Cupiditate consectetur occaecati possimus numquam minus maxime quasi. Quis quod repellendus ipsa. Neque totam nobis provident ut.',1,'2017-07-30 05:43:07','2016-07-16 15:56:30'),(17,96,19,'Voluptatem facilis itaque cupiditate sed velit quod. Ratione ratione asperiores culpa sed ut inventore sunt. Distinctio nisi adipisci ea sit.',0,'2014-07-24 13:21:20','2020-08-19 20:00:41'),(18,59,59,'Voluptates assumenda nisi provident aut tempore quibusdam. Tempora est omnis corporis.',1,'2014-05-23 20:13:00','2003-04-28 05:49:42'),(19,45,29,'Minus provident libero iure. Ut itaque sint pariatur non ab quod voluptate. Ratione nemo aliquam maiores reiciendis quis magnam nisi. Deleniti qui aut aperiam.',0,'2008-12-27 20:39:26','2008-03-16 11:12:55'),(20,3,79,'Sed quisquam ullam non similique rem. Porro beatae architecto dolorem. Sed qui in quam voluptas.',0,'2003-08-30 01:28:15','2017-11-02 19:12:33'),(21,53,95,'Beatae veniam distinctio cumque recusandae omnis laboriosam deleniti. Velit debitis aspernatur hic ullam et. Voluptas vel quisquam ullam in.',1,'2003-04-30 01:32:08','2001-07-26 20:41:00'),(22,35,89,'Et non corrupti non. Ad beatae quo cupiditate debitis. Ducimus eaque aperiam non maxime voluptatibus optio.',1,'2011-08-08 15:43:54','2005-11-22 13:38:44'),(23,20,5,'Dolorem accusantium blanditiis non animi est qui. Autem corporis adipisci et ipsam. Aut sed minima ut aperiam tempore et quia. Dicta debitis quasi illum laudantium sed vero.',0,'2006-07-09 23:00:43','2002-10-24 00:18:37'),(24,25,63,'Dolor quas impedit nostrum sed. Aut ut facere recusandae et dolores est voluptas. Vero velit enim cumque autem praesentium nemo voluptas. Esse est perferendis officiis voluptas est ut dolore.',0,'2006-10-05 13:55:20','2006-10-05 00:54:16'),(25,49,22,'Eum aut magnam sint minima quia quia quis soluta. In sapiente vel quis eaque quidem. Ipsum qui sunt aut possimus suscipit aut. Occaecati odit at aperiam et pariatur.',0,'2008-09-23 04:41:41','2007-10-13 11:02:49'),(26,75,31,'Qui quis libero culpa aut. Id cupiditate aut deserunt veritatis aut numquam in. Non sint natus culpa consequatur esse architecto voluptates.',1,'2003-09-17 20:42:37','2018-03-08 10:07:28'),(27,88,1,'Rerum aperiam delectus doloribus nulla id cum. Necessitatibus in id natus eum minus repudiandae beatae. Delectus sapiente et qui dolor magni et asperiores nostrum.',0,'2015-04-12 21:22:25','2000-01-31 21:28:33'),(28,76,41,'Suscipit eligendi magnam quia. Optio esse modi corporis ad voluptatum voluptas praesentium. Ipsa dignissimos quia vitae quas fugit et dolorem.',1,'2015-07-18 18:41:58','2009-06-22 08:02:01'),(29,33,61,'Tenetur repudiandae quam qui autem consequatur. Vitae autem voluptatem voluptatem aperiam tempora consequatur.',0,'2008-04-14 02:57:05','2000-03-17 20:02:24'),(30,11,22,'Quidem libero mollitia voluptatum dolor ea ipsa ipsam. Et sit est enim delectus. Ut qui ab sint deserunt et. Dolor amet delectus et deserunt rerum tenetur tempora.',1,'2009-03-15 15:26:55','2008-01-31 06:11:31'),(31,32,94,'Deserunt qui qui ad nihil. Ex vel quasi soluta autem similique. Rerum nobis suscipit aut voluptas qui asperiores minima. Voluptatem exercitationem voluptatem nihil repellat.',1,'2019-10-03 14:01:30','2000-01-05 14:08:23'),(32,24,27,'Voluptatem consequatur ea et dicta et. Nihil reiciendis blanditiis voluptas. Ducimus porro voluptatem cum temporibus ut.',1,'2000-08-09 22:22:05','2000-09-23 17:55:33'),(33,13,83,'Dicta omnis aut dignissimos at nisi. Enim consectetur quo asperiores qui. Soluta repellat sed qui reprehenderit doloremque. Aliquam quam neque suscipit perferendis quisquam atque.',1,'2019-06-17 15:55:16','2012-07-30 14:21:29'),(34,85,57,'Ut blanditiis incidunt qui repellat eius dolore. Molestias dolores accusantium vitae animi qui necessitatibus.',0,'2019-08-25 08:49:07','2003-11-16 15:23:59'),(35,12,88,'Soluta qui nostrum et id. Quis porro at ipsam aperiam ut dolores quidem. Exercitationem sit perspiciatis totam facilis reiciendis dolorem. Quisquam sit maxime quae sed sint vero.',1,'2014-01-09 07:35:52','2017-06-28 18:26:47'),(36,36,64,'Sed id quis aliquid incidunt dolorum. Nihil quasi consectetur ex in quia rerum voluptatem. Tempora sit iure corporis recusandae porro quibusdam blanditiis.',1,'2014-07-02 04:40:11','2007-12-01 23:23:55'),(37,82,70,'Fugiat sed debitis ipsa neque nihil ea. Impedit harum voluptas aut et. Quia occaecati animi provident qui ab. Quo nulla consequatur nam possimus dolore.',1,'2010-08-13 08:12:17','2019-06-04 20:00:14'),(38,53,2,'Unde praesentium delectus exercitationem beatae praesentium tenetur porro. Laudantium libero dolor est excepturi voluptatem beatae. Quo totam id inventore quia.',1,'2004-12-08 12:47:21','2009-06-01 09:45:14'),(39,74,77,'Qui aut saepe et repellendus. Eum aut qui et magnam. Dicta illum laborum cum sed quas modi. Debitis aut eum quisquam et consequuntur.',1,'2006-06-13 08:44:33','2005-10-27 17:50:09'),(40,65,22,'Ea consequuntur est aliquid omnis laboriosam et. Culpa ut dolor a quis. Enim ipsa quasi in neque reprehenderit.',1,'2007-11-22 12:48:10','2021-03-26 05:42:45'),(41,99,39,'Est ipsum id veniam temporibus officia sequi. At explicabo sit facere et. Porro eveniet rem eveniet inventore dolorem molestiae.',1,'2008-10-22 08:01:19','2004-07-22 17:01:50'),(42,53,87,'Qui ea facere corrupti. Hic sit dolor unde molestiae et sed magnam laborum. Tenetur et quos natus architecto porro ad.',0,'2004-03-02 23:56:33','2016-09-14 02:21:52'),(43,40,28,'Modi aut suscipit expedita a consequatur molestiae. Dolorem animi eaque iure error explicabo. Voluptatibus repellat et dolor eos ut. Et et nihil sed voluptas ea est fugiat.',1,'2020-10-01 01:45:58','2000-10-11 02:54:30'),(44,27,73,'Suscipit velit fuga temporibus labore et consequuntur architecto. Consequatur optio quod sapiente qui ut vel. Et amet esse odit sit explicabo omnis.',1,'2016-11-14 18:29:55','2018-07-06 21:55:27'),(45,88,38,'Numquam cupiditate sequi sit porro adipisci voluptas qui. Autem quasi dolorem non vel unde velit maxime. Ad nostrum est quos nemo neque recusandae natus. Totam non assumenda sunt sit.',0,'2013-02-23 09:52:08','2008-05-03 10:22:49'),(46,94,20,'Maiores non quasi explicabo provident. Inventore ut expedita aliquid in rerum.',0,'2017-09-12 14:09:28','2008-08-10 06:11:05'),(47,31,18,'Tempore et et fugit veniam voluptatem earum. Corrupti ab similique quasi incidunt et reiciendis. Veniam dolor explicabo nulla tempore reprehenderit dolor.',0,'2016-12-24 09:57:33','2006-11-23 22:34:19'),(48,46,44,'Fugiat repudiandae neque vel sed. Omnis ratione cumque distinctio consequatur.',1,'2015-03-21 08:32:03','2010-02-25 20:36:11'),(49,1,30,'Quisquam enim laudantium quia blanditiis et ea. Sequi non sunt delectus est sint. Quibusdam numquam rerum temporibus voluptates omnis eum ut. Enim voluptatem iste ut consequatur corrupti occaecati.',0,'2016-07-18 03:52:35','2004-05-26 01:38:03'),(50,1,12,'Molestiae et ab velit earum occaecati repellendus tempora magnam. Qui hic iste beatae iure ratione cumque. Id eum quis quia.',0,'2020-06-05 16:50:32','2014-11-11 03:20:45'),(51,17,36,'Distinctio aut incidunt cum. Nulla dolorem qui aut enim velit inventore. Itaque et perferendis hic temporibus et ut necessitatibus dolorem. Temporibus est eum expedita vitae molestias.',1,'2004-12-05 20:41:33','2015-09-08 19:45:17'),(52,76,99,'Voluptates et eaque autem. Mollitia qui velit libero vitae. Sed vel culpa et aut quam ut sit. Sunt qui dolore ut quo.',0,'2004-11-21 11:51:04','2001-02-04 23:45:28'),(53,6,28,'Dicta architecto qui temporibus in eaque et. Qui error est ipsum atque ut ea fuga. Nesciunt aut rem dignissimos consequatur et maxime. Sapiente ut at et aliquam.',0,'2000-12-14 07:54:00','2005-12-02 21:54:26'),(54,1,79,'Nihil enim qui eius atque dicta enim ab eaque. Eveniet ipsam enim quia ex maiores. Voluptas id vel et vel omnis. Ab veniam consequatur vero aut et.',0,'2008-07-29 19:53:49','2008-01-21 04:20:25'),(55,5,65,'Exercitationem perspiciatis aut similique iure. Necessitatibus non asperiores tempora adipisci. Ex ducimus expedita incidunt non voluptas dolor itaque. Quia quam laudantium minus quos est quas earum.',0,'2017-11-19 05:31:17','2008-03-22 06:51:24'),(56,1,3,'Pariatur eos ut consequuntur quis eos sequi dolores. Et nam nobis sapiente. Commodi aut molestiae molestiae delectus molestiae.\nUllam autem consequatur rerum et et. Laborum ex animi quisquam.',0,'2006-08-22 23:05:31','2003-12-18 07:02:17'),(57,4,53,'Sed placeat id corporis quia ex. Nobis animi aut nemo voluptatem magni. Quas nisi rem ad.',0,'2007-11-07 00:21:29','2003-12-04 18:09:13'),(58,90,43,'Atque sunt suscipit sit aut unde est. Quia culpa porro est et laboriosam est. Enim aut eos ea enim. Ipsum aperiam natus doloribus veritatis eum.',1,'2013-07-23 03:04:28','2011-03-05 16:49:42'),(59,81,16,'Similique voluptas vero qui est eligendi ut pariatur. Id est possimus non omnis molestias vitae voluptatem et. Qui vel omnis ullam ea quos. Iusto eos magni est sapiente et et magni.',1,'2018-11-16 03:11:04','2007-04-01 23:34:34'),(60,15,69,'Qui et veniam quibusdam tempora. Est quia provident et rem. Eligendi suscipit dignissimos cum labore tempora qui beatae et.',1,'2008-03-12 08:17:45','2006-11-02 12:54:30'),(61,53,9,'Laboriosam autem fugiat repellendus vitae qui culpa sint qui. A laboriosam reiciendis animi impedit. Totam rem iure repellat. Qui facere beatae aspernatur ullam et suscipit.',1,'2011-02-24 22:25:01','2020-11-25 07:47:21'),(62,88,84,'Et sunt facere molestiae. Non totam cum quasi est. Totam ut molestiae temporibus velit.',1,'2010-10-19 07:16:09','2010-12-18 00:05:53'),(63,26,33,'Eos voluptatem velit nemo provident harum. Porro quos delectus et soluta sit laboriosam dicta. Id placeat ullam eligendi earum.',1,'2014-11-05 20:11:16','2018-06-07 00:40:34'),(64,28,27,'Vel provident voluptatem facere quia. Exercitationem sint rerum optio facere. Distinctio vel architecto facilis quam. Sint qui magni sed praesentium velit.',0,'2015-11-22 04:45:09','2013-10-29 11:08:21'),(65,63,28,'Aliquam cumque ullam id quos nihil unde eum. Cumque dolores et ut incidunt architecto ut. Autem ipsam animi minus non est non iure. Velit sit iure quo.',0,'2003-01-02 09:39:32','2017-02-21 14:37:34'),(66,38,79,'Dolorem quas enim quia. Consequuntur itaque dolores quia nisi nobis optio. Ducimus exercitationem in corrupti dicta velit fuga provident. Ea quo odio rerum dolores est sint temporibus.',1,'2016-04-14 12:08:35','2012-09-14 11:33:10'),(67,64,14,'Id dolorem incidunt quasi quas id aperiam libero. Vel quidem maxime quo rerum. Qui quidem numquam fugiat voluptates et labore. Dignissimos distinctio voluptatem in est impedit.',1,'2001-03-24 03:50:26','2002-03-22 16:36:45'),(68,78,69,'Vel non maxime quis. Iste dolores vero aperiam amet. Dolorum et dicta beatae rem rerum. Modi ut velit repudiandae odio veniam quis.',0,'2005-07-15 07:27:41','2010-06-07 00:18:54'),(69,41,78,'Et aut debitis alias voluptatibus ea fuga. Qui sit nesciunt autem quibusdam repellendus quis. Animi corrupti eos ut numquam et totam consequatur.',1,'2017-11-20 13:32:59','2019-09-22 02:55:55'),(70,48,45,'Et in et rerum eligendi et. Repellat et dignissimos et. Praesentium voluptatem reprehenderit in omnis culpa.',1,'2009-09-20 03:12:30','2016-07-13 13:30:36'),(71,43,48,'Asperiores quisquam delectus veniam omnis voluptas ipsum. Qui consequatur illum qui sunt corrupti laboriosam ut. Quo accusantium commodi recusandae est dolor.',0,'2013-12-30 04:45:12','2013-08-05 11:25:07'),(72,48,46,'Et ut nostrum odio libero fugiat consequatur a. Eos voluptas rerum deleniti quos rerum. Nulla ipsum error impedit voluptatem.',0,'2013-11-02 00:27:29','2017-04-29 15:04:39'),(73,1,37,'Iure necessitatibus fuga consequatur totam sit. Dolore et modi adipisci repellat vero. Sed sequi sint veniam.',1,'2011-07-25 16:58:56','2017-07-19 20:41:19'),(74,88,81,'Tenetur ab autem in. Aperiam aspernatur doloremque sed maxime exercitationem provident. Tenetur similique non ut incidunt laudantium deserunt aut ut.',0,'2001-04-13 09:08:50','2008-05-13 08:58:42'),(75,53,3,'Rerum quae qui nesciunt in. Occaecati consequatur delectus libero. Voluptatibus maxime ullam voluptas perferendis nihil facilis.',1,'2012-02-13 19:06:51','2010-08-31 15:18:49'),(76,50,6,'Voluptas corrupti asperiores sit modi minima. Dolorem exercitationem nulla ut dolorem quaerat delectus neque ea. Molestiae aliquam voluptatibus similique.',1,'2007-06-19 13:55:04','2006-12-21 03:58:32'),(77,12,37,'Sequi eos porro adipisci saepe. Fuga veritatis ab et distinctio expedita voluptatem. Voluptate tempore error quos distinctio aliquam ipsam.',1,'2006-04-22 04:06:01','2015-03-25 16:34:09'),(78,90,38,'Eius reiciendis eaque quia nihil qui quo tempore expedita. Cumque quaerat ab accusantium id consequatur error. Laudantium totam quas beatae tenetur magni.',1,'2004-01-20 08:29:43','2017-03-03 13:37:00'),(79,70,17,'Asperiores sapiente vel molestiae. Qui qui facilis eius modi. Officiis quis illum aspernatur natus ut consequuntur. Sed debitis odio modi beatae corporis.',0,'2009-03-15 20:34:20','2010-04-14 06:09:43'),(80,64,32,'Consequatur fuga architecto at velit molestiae. Commodi non tempore quia aspernatur eum velit in enim. Facilis praesentium quas sint distinctio. Suscipit in optio officia mollitia facere ea.',0,'2020-02-26 02:32:42','2017-05-08 23:25:08'),(81,45,2,'Sunt rerum totam illum dolorum aperiam. Omnis inventore adipisci et vel. Iste id voluptas consequatur. Provident excepturi omnis velit.',1,'2015-11-24 05:45:38','2010-09-20 15:57:42'),(82,11,8,'Illum cumque iusto qui molestiae et. Ullam aliquid consequuntur sint nisi magnam tenetur. Aut rem itaque quo voluptatum qui et rerum. Illo iste ea iure debitis sunt.',1,'2020-03-13 17:23:27','2015-11-27 04:09:50'),(83,15,88,'Sunt quo rerum cupiditate commodi aspernatur et. Vero id voluptatem necessitatibus voluptas est et occaecati. Dolore enim dignissimos quis mollitia placeat. Consectetur tempore nam sed fugit.',1,'2017-03-21 19:04:06','2001-09-18 05:35:20'),(84,77,55,'Nihil aperiam blanditiis dolores eum temporibus. Debitis numquam modi in placeat.',1,'2006-03-28 02:26:15','2010-07-04 08:20:13'),(85,66,24,'Dolores temporibus numquam ad earum nihil laboriosam delectus. Dolor modi voluptas expedita excepturi. Eligendi tenetur nobis sed fugit esse.',1,'2017-03-18 11:30:28','2014-08-08 05:07:41'),(86,100,8,'Et dolores quis nemo et ea repudiandae magni. Quibusdam ad veritatis neque quasi magni amet ea. Beatae odit aliquid necessitatibus inventore qui. Qui qui asperiores nesciunt ad.',0,'2007-09-29 05:08:16','2012-01-23 08:39:56'),(87,71,48,'Rerum ut unde accusantium tempora quos. Odio totam doloremque nulla dolorem. Est veritatis quasi ipsa aperiam rerum ut est.',1,'2009-05-27 19:59:28','2018-08-26 13:23:49'),(88,53,72,'Odio cupiditate rerum eum neque doloribus facilis. Rem ut sint consectetur delectus aliquam animi quod. Beatae ea laboriosam illum dolorem totam.',1,'2009-04-22 10:53:17','2019-12-09 08:05:11'),(89,85,41,'Consequatur deleniti tempore ab rem voluptas voluptatum quis. Molestias nostrum porro consectetur officia eos. Consequatur vel voluptate debitis officiis ipsam unde nihil.',0,'2004-07-29 16:02:51','2016-11-14 17:07:31'),(90,52,38,'Sit a officia molestias harum commodi ut. Consequatur id deleniti rem et. Sunt quod id enim repellat distinctio. Voluptatem aut assumenda consequuntur iure.',0,'2013-03-07 02:28:15','2005-01-29 05:34:57'),(91,44,2,'Aperiam aut perferendis et inventore accusantium alias ea. Voluptatem neque et tenetur occaecati odio vero. Dolor quam veritatis dolores et dolor architecto.',0,'2009-02-25 22:43:27','2011-07-05 15:56:26'),(92,43,55,'Consequuntur omnis ea quia rerum. Minus atque consequatur rerum aspernatur in. Laborum enim quo maxime in. In minus dolores impedit earum.',0,'2003-12-18 05:36:19','2002-03-08 16:32:19'),(93,38,33,'Nesciunt impedit omnis voluptatem et doloribus ut repellat. Odit quis omnis et non. Quia laudantium repudiandae illo adipisci. Esse est aut rerum voluptatem temporibus eius.',1,'2019-08-23 03:21:41','2019-07-12 00:18:49'),(94,93,8,'Molestias ea harum esse qui rerum sint. Esse commodi exercitationem et exercitationem non et facere. Eius rerum esse aut quo voluptas. Sint nostrum illum quis corrupti culpa numquam exercitationem.',0,'2015-07-02 01:08:35','2011-12-27 23:13:29'),(95,50,56,'Ut delectus vitae sit voluptate commodi rerum sit. Tempore dolore eligendi repellendus enim. Nam facere id neque nihil consequatur.',1,'2007-03-03 07:54:45','2017-07-08 14:12:49'),(96,39,94,'Placeat eum temporibus labore id ut. Deleniti voluptatem non iste qui. Enim quibusdam dolor id. Iste delectus laboriosam voluptas facere aut id.',1,'2011-11-24 15:58:59','2009-02-17 02:18:34'),(97,57,50,'Suscipit quod pariatur quia ab voluptatem. Asperiores rerum nam quaerat illo mollitia. Quisquam aut aut et voluptatem ullam.',0,'2002-05-16 02:23:34','2019-03-16 15:20:50'),(98,2,71,'Blanditiis est necessitatibus omnis quasi ea exercitationem. Ipsa ea magni molestiae error itaque. Aut nemo aut doloremque quaerat. Sed maiores facere et illum.',1,'2009-03-05 08:00:40','2014-11-10 18:10:06'),(99,38,78,'Sed aliquam eius perspiciatis harum vel. Deserunt laudantium quasi non aut sed. Ut nisi ratione voluptate omnis.',0,'2016-01-13 00:32:00','2005-05-25 15:06:25'),(100,26,3,'Ab consectetur ut expedita voluptas labore atque. Asperiores reiciendis esse numquam est laborum officiis. Non omnis vero optio nisi beatae.',0,'2003-10-22 19:10:45','2006-04-10 18:25:42'),(101,1,26,'Debitis eligendi nihil et inventore ipsum ut qui. Iste amet quo rem. At aspernatur nihil expedita tempora quo sit est. Temporibus quis repellat illum sint expedita.',0,'2018-07-03 22:59:40','2004-12-25 19:14:24'),(102,11,72,'Ut ipsa quia quia id enim dignissimos officiis. Exercitationem et error ut.',1,'2006-06-02 19:39:11','2002-06-08 14:14:03'),(103,73,64,'Mollitia non voluptas vel eum. Consectetur voluptas sapiente reiciendis nihil quia excepturi.',0,'2018-01-18 03:21:44','2013-09-16 15:03:06'),(104,43,57,'Alias quia et quas velit quasi iure. Nostrum et enim voluptatem quidem. A et temporibus sequi accusantium velit ab reprehenderit dicta. Vel consequatur et voluptatem quod distinctio autem ea.',0,'2018-08-08 07:15:40','2009-10-15 05:57:13'),(105,5,95,'Aut qui sed sunt suscipit soluta. Quisquam non laborum dolorem eum delectus tempore commodi. Accusantium sint neque quaerat repellendus doloremque nemo. Quo est culpa enim ut.',0,'2005-04-25 06:00:34','2013-11-29 12:56:42'),(106,94,48,'Rerum numquam excepturi repudiandae ducimus non aliquam. Sit beatae aut voluptatibus et id sed ut. Dolore accusantium sequi minima sit distinctio.',1,'2008-02-25 11:48:04','2009-07-25 04:03:00'),(107,96,37,'Doloribus culpa nihil facere soluta. Nemo expedita soluta explicabo praesentium nostrum est.',0,'2014-10-29 05:01:50','2009-07-29 16:03:55'),(108,3,34,'Eos magnam et minus non et. Rerum similique labore quia labore qui a. Ipsum rem consectetur laborum veritatis quis nesciunt consequatur.',1,'2011-05-01 23:00:19','2000-10-01 21:05:59'),(109,69,95,'Quia architecto magnam sed voluptas. Magni aut rerum velit doloribus. Sequi a dignissimos minus. Molestias sit nemo eum deleniti.',0,'2013-09-03 08:01:48','2010-11-22 02:44:31'),(110,41,18,'Laboriosam ab voluptate in maxime iusto. Consectetur ea dolor culpa.\nDolores laborum eum atque quos aut. Aperiam asperiores nulla totam. Minima molestiae vel eos consequatur quaerat maiores.',0,'2016-04-17 22:56:14','2019-07-27 19:42:24'),(111,51,80,'Dolor optio reprehenderit ut dolorum accusamus ab eligendi. Ipsa est ea qui nisi omnis ut quaerat. Et minus minus id cumque vel quis rem. Eum ut harum commodi in.',1,'2015-11-28 08:07:35','2006-11-17 21:59:55'),(112,12,7,'Distinctio et et quaerat harum qui sapiente ut. Est laborum quo at natus nobis est consequatur. Atque totam inventore nam vitae ab architecto est.',0,'2008-06-26 19:00:52','2006-06-05 22:13:50'),(113,29,13,'A qui sed nisi temporibus fuga sed. Possimus voluptate est unde explicabo mollitia non. Labore amet alias nisi magni voluptas aut.',1,'2016-02-18 01:03:58','2001-06-11 00:58:15'),(114,78,66,'Rerum voluptatem sed minima ut iusto autem velit. Saepe libero enim hic. Maiores ipsum totam tempore a aut saepe odio. Explicabo voluptatem deserunt quo qui. Et est voluptas totam in voluptates.',0,'2012-07-30 19:39:07','2006-12-14 15:50:47'),(115,91,3,'Minima blanditiis adipisci iusto id. Et quisquam eveniet atque qui.',0,'2020-06-24 10:06:51','2020-10-18 17:39:57'),(116,69,92,'Voluptatibus ipsum aut repellendus esse tempore sed doloremque. Ducimus magni totam et reprehenderit eius doloribus et vitae. Inventore nulla vel cupiditate et. Nam dolore nemo eveniet nemo.',1,'2009-05-05 04:00:06','2006-02-18 15:15:52'),(117,28,79,'Mollitia autem magni repudiandae possimus. Aut voluptas et voluptatum qui. Vel sapiente neque quae sapiente accusamus.',0,'2001-12-05 09:56:02','2004-10-15 12:31:56'),(118,64,100,'Deserunt ullam dolor et praesentium corporis. Nam aut sint qui ut ullam.\nEt voluptate voluptas vel harum corporis modi. Qui iure nemo quod facere. Ipsam laborum quisquam tempora qui.',1,'2003-09-23 22:29:56','2016-07-27 05:56:23'),(119,42,7,'Et distinctio architecto qui in nam non inventore nobis. Doloremque velit autem ex labore molestiae praesentium enim. Eveniet eos consequuntur qui tempora optio. Occaecati voluptas quaerat sunt.',1,'2006-11-28 15:24:46','2016-05-19 17:06:19'),(120,57,47,'Alias dolore distinctio esse et. Reiciendis unde in eum aliquid eum nisi neque. Autem harum illo recusandae cum doloribus perspiciatis.',0,'2011-03-03 08:33:34','2004-10-14 13:21:20'),(121,1,51,'Sit et rerum repudiandae. Molestias perferendis dolores ab. Ut et dolorem maxime ipsum et.\nHic ullam perferendis id deserunt. Et aut molestiae est. Expedita necessitatibus illum magni animi a non a.',1,'2002-01-27 08:24:05','2009-10-11 03:24:59'),(122,95,97,'Enim velit aspernatur sit exercitationem. Quo fugit qui magnam eligendi est esse. Dicta qui quis est quidem veritatis cupiditate.',0,'2014-05-22 08:42:51','2017-03-09 00:37:01'),(123,87,98,'Velit dolor commodi sed molestiae est aspernatur. Ipsum minus quisquam non autem eligendi. Rerum doloremque id quibusdam repellat.',1,'2007-05-13 02:33:33','2005-05-27 15:23:42'),(124,31,56,'Atque atque unde facilis. Natus voluptates qui animi dolores similique. Excepturi ducimus quos odit nobis commodi. Voluptas in delectus deleniti repellendus. Modi consequatur aliquid quis dolor.',0,'2018-10-31 20:16:21','2019-02-21 00:06:24'),(125,93,71,'Non porro possimus ad aut velit. Tempora et ea quasi beatae alias sunt. Et ut sit nihil maiores. Debitis tenetur ea neque. Et et repellendus sequi recusandae cupiditate.',0,'2011-04-16 08:28:26','2005-02-14 02:56:21'),(126,73,43,'Voluptas est quasi dolor laudantium maiores mollitia. Dolore et voluptatum error aut fugit expedita. Iure qui accusamus consequuntur vero magnam.',0,'2006-05-11 20:33:16','2017-01-19 00:23:33'),(127,50,85,'Non ea et velit vel ullam fugiat accusantium. Ullam eos quia quasi rem et sit laudantium.\nEveniet distinctio enim et ducimus. Aut et necessitatibus sint libero. Et in est voluptatem rerum.',0,'2000-08-22 02:34:47','2018-05-13 13:42:29'),(128,49,78,'Accusamus sed animi eveniet quis qui error deserunt nemo. Ab tempora et accusantium deleniti. Quasi quia ut et quia. Qui inventore odit nihil sit et sequi dolores.',0,'2021-02-23 20:27:04','2005-02-09 16:40:19'),(129,97,26,'Aut ipsum dignissimos necessitatibus odit tempore quibusdam. Incidunt sint aliquid vero et. Quo vel rerum asperiores voluptas ex. Quia aut et aspernatur blanditiis.',1,'2020-06-09 12:08:22','2017-09-23 06:34:51'),(130,44,88,'Unde velit praesentium voluptatem ut. Est dolor corporis a ipsum maxime et eaque. Fuga velit aut ratione suscipit dolorem voluptas animi.',0,'2007-08-18 13:36:18','2007-08-26 03:42:30'),(131,29,12,'At autem tempore magni et voluptatibus dolorem. Et pariatur laboriosam sit fugit. Amet quis facilis quae non reprehenderit deserunt.',1,'2019-05-26 08:19:23','2003-11-01 17:45:00'),(132,79,56,'Excepturi tempore voluptatem tenetur dolorem. Laboriosam libero eum molestiae neque provident fuga. Suscipit sunt qui quisquam et nobis debitis quo.',1,'2011-08-05 21:43:35','2009-05-31 23:26:02'),(133,91,42,'Quia et dolor illo autem rerum necessitatibus. Illo vitae culpa sit est nam dolor aut. Harum numquam voluptas repudiandae ea iusto. Vero natus nesciunt labore dolores non.',1,'2015-10-22 01:41:46','2007-02-11 15:33:52'),(134,56,32,'Beatae ab dolores omnis incidunt tempora quis libero est. Occaecati numquam minus impedit veritatis.',1,'2013-07-14 06:58:08','2010-07-22 10:01:35'),(135,48,12,'Quidem ut optio aut cumque voluptas inventore eum. Molestiae sint dolorem magni perspiciatis aut doloremque.',1,'2015-06-23 06:00:09','2010-12-11 14:01:14'),(136,79,49,'Odit laborum repudiandae harum. Inventore ipsa vero neque. Nemo et illum voluptas qui dolorum sint. Quo vitae atque accusantium atque.',1,'2016-04-27 20:52:29','2018-06-08 11:38:23'),(137,63,73,'Fugiat cupiditate repellendus molestiae non dicta sit. Minus ratione voluptatem aut accusamus libero et. Quae maiores necessitatibus et dolorem id. Ut sit quis ut suscipit quis.',1,'2015-11-04 00:47:36','2017-04-17 16:28:56'),(138,45,49,'Sapiente dicta exercitationem hic laborum eius velit omnis. Necessitatibus praesentium distinctio ut fuga. Quisquam ipsam quod totam est voluptatem ea voluptate.',1,'2016-08-06 01:59:04','2020-01-17 03:21:43'),(139,70,76,'Perferendis assumenda sunt et ullam sunt vitae laborum. Eos voluptas labore quod sit est. Aliquid iusto veniam ab quisquam. Vero nulla eum reiciendis aut nostrum.',1,'2002-11-07 12:28:04','2013-02-23 19:22:55'),(140,5,62,'Facilis eum laborum aliquid rerum animi eum. Suscipit aut possimus veritatis ea non expedita commodi. Est quaerat dolorem voluptatem nostrum qui autem tempora magnam.',1,'2006-07-20 22:08:04','2003-01-29 21:23:08'),(141,46,78,'Est provident nulla vitae accusantium dolorum nihil autem. Occaecati harum est suscipit. Maxime minus atque nihil et et qui.',1,'2003-11-23 21:57:51','2012-07-07 18:03:50'),(142,4,96,'Laudantium repellat ratione corrupti cum voluptates quas. Eligendi aut illum suscipit optio sit. Et sequi vel voluptatem voluptatem. Nihil distinctio mollitia iste magni odio.',1,'2016-03-15 01:42:20','2000-09-16 05:51:22'),(143,62,53,'Ad vero omnis expedita ex rerum. Quia iusto aperiam culpa enim doloremque. Aspernatur sed et quibusdam a. Dignissimos eum qui itaque aut temporibus et ut.',0,'2011-03-11 14:19:29','2014-08-28 07:11:46'),(144,74,59,'Rerum excepturi architecto labore repellat. Eligendi fugit totam debitis fugit aut facilis est omnis. Dolorum deserunt veniam sed quas saepe optio sed consectetur.',0,'2019-05-08 15:07:25','2000-03-11 06:42:23'),(145,79,17,'Dolor modi perferendis ut ut optio. Consectetur aperiam eaque a assumenda rerum ut consequatur. Quos sit at perspiciatis. Quisquam ad quas consectetur est voluptas.',0,'2005-03-16 22:09:13','2004-12-07 22:21:55'),(146,46,8,'Dolorum quidem rerum et mollitia sed consequuntur. Earum sunt quo voluptatem velit ipsum. Accusantium vel minima voluptas et incidunt. Consequatur harum consequatur et laborum ut.',0,'2003-07-26 18:37:33','2013-08-25 08:07:12'),(147,29,24,'Nihil iusto nobis eum doloremque quae eos. Amet et deleniti et magnam. Autem et voluptatem et beatae culpa animi. At nobis in quos aspernatur quasi minima.',1,'2000-06-25 19:43:50','2005-11-14 22:01:57'),(148,63,19,'Modi fugit aut rerum. Iusto praesentium est ad ipsa. Ex accusantium incidunt deleniti beatae. Delectus rerum sint hic rerum itaque itaque.',1,'2016-05-31 09:49:39','2009-12-02 10:29:38'),(149,65,19,'Eos tenetur laborum impedit sint beatae. Perspiciatis est mollitia est occaecati sit necessitatibus voluptatem. Occaecati qui natus tenetur saepe neque. Possimus non quos aspernatur minima.',0,'2014-02-26 16:02:44','2015-12-17 11:15:55'),(150,51,13,'Id minima dolor atque omnis tempora nesciunt aut dolore. Sed cum ut veniam consectetur non quidem.',1,'2010-09-12 01:34:42','2014-09-22 12:09:44'),(151,31,29,'Fugiat distinctio quis rerum rerum nesciunt cumque voluptates mollitia. Voluptas sit dolores nisi natus ex modi. Quis aut ut sunt nesciunt similique sunt aut. Sunt eius nam quam facilis rerum porro.',0,'2011-04-05 05:15:40','2011-08-16 11:16:56'),(152,61,93,'Neque et sunt suscipit quis commodi qui. Officia tenetur iure recusandae exercitationem perspiciatis. Consequatur voluptate dignissimos officia qui labore possimus eveniet.',1,'2001-04-18 03:16:39','2012-05-14 14:47:25'),(153,1,6,'Et est reiciendis ipsa qui unde voluptas sapiente. Rerum cum deleniti accusamus libero.',1,'2002-10-22 16:10:53','2009-11-06 12:42:25'),(154,42,71,'Dolorem reiciendis sapiente perferendis sequi ipsum. Odit facere maxime ex. Explicabo unde non sit autem.',0,'2015-12-22 19:16:41','2000-04-24 02:16:14'),(155,81,46,'Quo maxime sunt sit nobis sunt. Consequuntur et facilis quas adipisci nulla aliquid. Aut aut tempore dolorem aliquid est temporibus. Est aut qui quasi omnis.',0,'2008-11-22 02:40:51','2015-08-22 20:29:40'),(156,32,27,'Repudiandae enim voluptates quia saepe. Odit dicta nulla et earum harum temporibus. Deleniti dolore dolor voluptas temporibus incidunt et. Commodi voluptas odit nihil error.',1,'2004-11-29 08:03:12','2017-12-28 08:59:02'),(157,23,36,'Nemo rerum nesciunt illo dolore architecto aut. Quis qui qui nulla et. Natus animi ratione vero quae. Debitis sed at consequatur.',0,'2005-03-13 12:08:11','2019-05-20 09:52:51'),(158,22,84,'Fugiat sunt cum culpa. Dolor minus dolor tempore fuga. Soluta rerum occaecati ipsam aut laboriosam distinctio omnis ea. Voluptatem sed rem esse necessitatibus cupiditate.',1,'2014-04-14 03:18:21','2019-01-03 22:24:27'),(159,89,95,'Expedita ullam veniam eum saepe assumenda suscipit. Quo odio aut laudantium blanditiis. Et omnis in beatae vitae ut. Assumenda est aut consequatur perspiciatis eos similique dignissimos.',1,'2000-08-26 07:10:38','2017-05-08 08:02:22'),(160,42,67,'Deserunt temporibus veritatis ex ut iure atque. Doloremque vitae voluptas repellendus natus rem. Non unde eum eos veniam eveniet aut. Quos incidunt aut et dolores.',1,'2018-03-02 10:13:08','2017-12-06 04:59:35'),(161,12,87,'Vero autem libero consequuntur unde. Nostrum magni sint quidem magni. Magni eveniet blanditiis officia amet.',1,'2018-06-18 12:04:18','2003-10-13 09:36:52'),(162,74,40,'Necessitatibus iure minima perferendis et autem quis aut. Optio quia et nesciunt.',1,'2019-05-08 16:44:23','2020-05-17 20:29:34'),(163,11,37,'Ab illum voluptatem pariatur qui aut molestiae mollitia. Et doloribus cum eos omnis tempora. Quas expedita repudiandae enim deleniti maiores id voluptas cupiditate.',1,'2005-11-14 15:24:57','2003-02-05 03:20:35'),(164,59,76,'Veritatis libero excepturi molestiae omnis quod at molestiae accusantium. Molestias vero optio expedita eos in. Voluptas explicabo ut et tempore qui doloremque quam laborum.',1,'2005-03-24 12:23:46','2008-09-17 19:06:48'),(165,55,9,'Totam eveniet sed provident est ab. Harum magnam ex dolor architecto maiores nobis. Cum quis eos accusamus.',1,'2019-10-16 13:06:21','2020-04-07 12:16:12'),(166,88,86,'Aspernatur et dolor voluptas rerum nulla ad. Molestias rerum similique quia nesciunt similique. Sunt similique eius ipsa adipisci quaerat. Non recusandae aliquam molestias porro ea deleniti magni.',1,'2007-12-28 13:19:21','2012-05-17 09:13:39'),(167,38,48,'Distinctio explicabo ab ut eum ipsa. Aliquid cum adipisci ex omnis. Impedit ut aut voluptatum vel laboriosam aspernatur. Officia architecto nemo eius voluptas eos et tenetur.',1,'2017-05-08 16:24:12','2016-09-06 21:35:32'),(168,78,38,'Et aut sed quas dicta. Eligendi vitae odit officia illo. Suscipit nulla vero ducimus occaecati ratione.\nEum magnam dicta dolores. Quidem molestiae rerum eum at sunt. Ea autem earum dolorum.',0,'2013-02-26 15:25:03','2014-04-04 14:28:03'),(169,54,19,'Eveniet voluptas non necessitatibus odio consequuntur consequatur. Quo accusantium deserunt a nihil pariatur molestias veniam. Ut vel eum unde praesentium.',1,'2016-06-18 08:49:28','2019-04-26 13:23:43'),(170,9,35,'Aut ipsa quos quia alias sequi voluptatem quidem. Aut unde illum voluptas. Ut sed omnis exercitationem minima. Amet dolores culpa iste aliquid nam odit libero corporis.',1,'2008-03-19 01:23:07','2018-05-04 19:16:30'),(171,65,40,'Iure adipisci magnam quod qui ut aliquid ut explicabo. Delectus sit ipsum sunt quos ducimus distinctio et sed. Quod ipsam consequatur voluptatum quam.',1,'2015-08-29 09:09:53','2020-12-31 03:40:48'),(172,61,87,'Quibusdam odit repudiandae rerum repellat ipsam saepe sint maxime. Repudiandae omnis et accusantium consequatur culpa deleniti officiis ea. Sit corrupti cum ullam consequatur in deserunt sed.',0,'2004-12-07 14:37:23','2009-11-11 19:53:58'),(173,76,82,'Illo aut reprehenderit ipsam voluptate libero. Molestiae pariatur ut ducimus accusamus voluptatem. Placeat officiis officiis reiciendis omnis.',1,'2017-03-12 16:04:52','2014-07-21 04:52:01'),(174,71,64,'Quia qui possimus id quae. Enim quod tempora impedit eveniet tenetur. Laborum et ad repellendus hic vel doloribus provident.',0,'2009-08-17 13:07:33','2001-09-20 03:54:28'),(175,77,13,'Totam sint delectus aut ratione aut provident. Minus ad quia laudantium necessitatibus. Corrupti neque omnis cupiditate et ipsum ipsam.',1,'2014-05-09 21:54:49','2005-09-21 12:13:51'),(176,31,89,'Consequuntur fugiat nihil reiciendis eum vitae voluptates dolorem soluta. Repellat saepe rerum et dolorem.',1,'2011-02-07 10:00:28','2007-04-11 03:11:27'),(177,100,4,'In quod sed ducimus et id aliquam. Sunt nostrum ex optio eaque. Iusto nam ut excepturi voluptatem.',0,'2018-10-30 12:49:04','2009-06-12 15:11:47'),(178,29,11,'Debitis odit adipisci harum alias aut velit voluptatibus. Porro placeat deserunt voluptates ut autem temporibus pariatur. Occaecati repudiandae voluptatem perferendis.',0,'2017-10-19 00:51:21','2019-03-20 11:50:31'),(179,41,87,'Dolores est id aut laborum. Odit et quo quas et molestiae a. Iure delectus doloribus dolorem eos. Molestias officia ipsa ut voluptatibus repudiandae nihil nostrum facere.',1,'2003-01-12 15:08:56','2018-06-07 12:51:28'),(180,86,96,'Magnam qui nam quos commodi dolore nobis iusto. Amet suscipit qui voluptatum quis excepturi. Est excepturi aut amet asperiores rerum.',1,'2018-10-20 13:24:12','2007-07-20 19:35:08'),(181,96,73,'Nisi ut error qui sint et. Ut sint est in delectus voluptatem. Repudiandae quae et reiciendis recusandae saepe officiis accusantium quidem.',0,'2005-04-30 07:42:30','2014-07-26 19:05:39'),(182,81,33,'Dolorem doloremque tenetur quia non numquam quisquam. Sint veniam repellat minima laborum aut tempore. Enim aliquam nisi dolorem totam. Optio quae voluptatum eos sint qui harum libero.',1,'2005-03-21 09:50:26','2004-12-27 17:57:48'),(183,21,58,'Et est eius repellat a et. Nulla nisi laudantium explicabo sed veritatis magni quae. Est doloremque velit molestiae aspernatur reiciendis aut ex numquam.',1,'2004-06-23 18:23:35','2013-08-11 17:50:25'),(184,71,74,'Numquam id sed a culpa. Reiciendis aspernatur odit aut commodi nam ut tenetur. Ut commodi expedita est in saepe nihil. Eaque et vero facere consequatur voluptas ipsum.',1,'2009-02-09 10:09:59','2019-03-27 09:17:20'),(185,77,79,'Placeat totam ullam possimus. Omnis et magni qui in alias. Officiis officia et hic illo quasi suscipit.',0,'2006-03-11 21:31:43','2013-06-17 06:36:17'),(186,9,41,'Tempore voluptatem repellat similique laboriosam qui. Voluptatem non et numquam quae. Tempore est incidunt nemo ex blanditiis.',0,'2020-02-22 07:35:26','2016-07-01 11:28:57'),(187,19,69,'Quia aliquam ut doloribus est cupiditate dolorem voluptates. Incidunt nostrum fuga ducimus temporibus. Atque expedita molestiae corporis at. Nemo mollitia odio doloribus est earum eius voluptatem.',1,'2018-10-19 00:10:04','2010-03-23 19:23:24'),(188,28,94,'Qui esse corrupti in sunt illo doloremque error. Et est aut illo praesentium mollitia harum ad.',0,'2001-09-28 04:26:10','2000-01-03 15:22:56'),(189,51,99,'Nulla ipsa id dolores est ut atque. Minus autem quibusdam pariatur libero provident voluptas cupiditate blanditiis. Illo et alias molestiae eum reprehenderit asperiores dolor.',1,'2020-11-17 08:13:10','2020-09-17 23:10:47'),(190,57,28,'Et a et consequatur blanditiis et voluptas vero. Id laborum debitis itaque consequatur aut minima. Ipsa ea natus repellat perspiciatis illum. Non ratione ipsa minus sit omnis.',1,'2004-11-19 02:26:00','2008-11-16 08:17:38'),(191,12,87,'Est hic aut qui unde tenetur et. Velit adipisci et perspiciatis sapiente facere vitae fugiat. Rerum aliquam dolorem quia velit.',1,'2007-04-30 07:05:28','2015-08-12 06:09:30'),(192,16,12,'Et id tempore et modi itaque temporibus qui. Nulla quod eius et ex. Quia et vitae reprehenderit quia. Enim vitae vitae minus rerum et maiores. Iure nemo fuga sed voluptas libero incidunt sint.',1,'2020-07-19 05:48:46','2018-04-09 14:59:24'),(193,91,45,'Minus veniam qui voluptate repudiandae dolor rerum cumque deleniti. Mollitia aut sed architecto. Nam qui animi molestias. Porro ducimus quis provident enim quia non.',0,'2011-08-30 10:20:11','2012-11-27 04:45:07'),(194,22,31,'Minima hic voluptatum asperiores aut nulla. Eligendi est cupiditate sapiente et. Facilis quisquam sunt blanditiis quos aut optio. Saepe eum repellat in voluptatum asperiores voluptas.',0,'2016-08-08 02:54:00','2011-01-15 11:00:55'),(195,32,7,'Blanditiis facilis similique ea facere rerum blanditiis. Hic et temporibus quas. Temporibus eos a ea quibusdam veritatis. Distinctio nobis ad voluptatem omnis.',0,'2000-06-27 02:03:23','2009-03-04 14:04:19'),(196,27,28,'Unde sed natus eveniet facere quidem unde magni. Dignissimos cum dolores iusto est et quos. Dolor pariatur eos magnam libero voluptas consequatur qui.',0,'2004-09-01 06:08:42','2014-12-24 13:34:42'),(197,79,7,'Ullam saepe temporibus enim eaque blanditiis. Necessitatibus omnis occaecati quia possimus dolor nihil ipsam eligendi. Qui culpa aut officia.',1,'2004-10-17 08:05:20','2013-10-01 18:16:23'),(198,60,100,'Perferendis et labore perferendis eos quas libero. Possimus necessitatibus debitis distinctio ipsum.',1,'2020-06-18 14:35:39','2011-06-28 06:43:11'),(199,64,31,'In magni sed nesciunt iure occaecati. Qui dolores unde commodi dolorem dolore. Nihil necessitatibus repellat libero sunt consequatur.',0,'2015-01-30 12:58:16','2020-03-28 23:00:51'),(200,74,41,'Sit ab quo non nihil dolore aut qui. In eaque quaerat dignissimos eaque enim. Sint autem illo mollitia at est dolorum aperiam. Beatae rerum earum vel omnis ab iusto.',0,'2012-04-22 14:52:25','2019-03-17 08:45:08'),(201,10,82,'Sit non facilis dolorem. In officia quis cum est ut.\nLaboriosam enim ducimus sed quidem. Qui libero rerum eius cupiditate. Eos magni incidunt consequatur quae id explicabo rerum.',0,'2007-06-14 02:13:01','2001-01-05 15:55:04'),(202,82,28,'Eum exercitationem unde omnis nulla. Nesciunt ipsum odio dicta blanditiis. Voluptatem et qui iure voluptatem iusto explicabo. Qui natus optio voluptate maxime aut voluptates omnis quos.',0,'2007-04-06 23:33:17','2020-11-10 20:25:01'),(203,50,9,'Voluptatibus tempora nulla quis sit laboriosam sunt minima. Tempora explicabo autem aut ut commodi maiores. Incidunt neque molestiae non consequatur. Placeat praesentium cumque illum.',0,'2003-08-16 18:23:52','2006-10-12 20:10:59'),(204,22,1,'Sit et nihil aut assumenda est. Eaque quia modi eos libero quo. Non temporibus exercitationem quis similique quia. Laborum eligendi est porro blanditiis.',1,'2018-07-13 18:44:42','2015-01-06 05:41:01'),(205,8,79,'Corporis alias rerum et vero. Dolore aspernatur et fugit impedit quia et. Fugit et officiis et sint assumenda aut eligendi.',1,'2012-03-10 11:04:55','2019-10-14 21:05:23'),(206,28,19,'Adipisci dolor quis unde dolores eos. Dolorem maxime fugiat nam voluptatem. Dolor quos minus alias veniam. Placeat omnis exercitationem quae eos ut dolor.',1,'2011-10-28 01:33:59','2014-03-11 21:33:26'),(207,65,44,'Ipsa quisquam quo quaerat. Doloremque animi voluptatem minus enim et quos in voluptatibus.\nCum accusantium aut inventore magnam sunt dolor. Qui quam culpa velit. Esse error et voluptatem nemo vel.',1,'2015-05-30 03:00:23','2019-01-20 00:22:25'),(208,30,56,'Possimus et unde eveniet odio ullam est necessitatibus. Quo minus ducimus ut velit exercitationem aut cupiditate minima. Maxime unde totam amet repellendus sit mollitia laudantium.',0,'2001-01-11 01:40:12','2015-03-14 07:07:47'),(209,88,52,'Officiis odio deleniti natus consectetur sunt quis aut. Esse tempora est non et quas tempore perspiciatis porro. Sed est pariatur eos id velit. Voluptatem veritatis deleniti aspernatur esse cum.',1,'2014-11-20 12:36:17','2013-03-30 18:36:22'),(210,87,19,'Vero deleniti aliquid inventore voluptatem sed est. Sit quisquam tempore non pariatur ea esse incidunt. Quia aliquid provident quae ea. Doloribus est magni in accusamus necessitatibus magnam.',0,'2001-12-19 21:10:34','2010-08-04 16:23:13'),(211,58,13,'Nulla reiciendis mollitia in ut qui praesentium. Itaque id fugiat autem qui pariatur doloremque voluptatem. At reprehenderit saepe et non fugit atque et.',0,'2018-07-09 10:48:44','2016-08-13 05:39:22'),(212,47,37,'Aut sed autem est sed deserunt qui. Laboriosam rerum quia nostrum doloremque eligendi. Officia quo fugit perferendis qui voluptatem. Molestiae quas iusto aut.',1,'2007-03-25 12:37:13','2019-05-28 22:26:49'),(213,19,7,'Nesciunt eveniet sit non aperiam sequi deserunt deleniti corrupti. Dolor nulla totam nihil eius provident. Non optio eveniet molestiae sapiente corrupti iste.',0,'2008-09-21 03:09:19','2018-07-29 03:47:56'),(214,37,83,'Suscipit consectetur ea eius eos tempore. Saepe quis fugiat et ut sunt. Dolores et perferendis mollitia quae assumenda velit. Exercitationem et repudiandae doloremque porro ut ipsam velit tenetur.',0,'2017-10-24 10:35:09','2016-10-24 13:24:51'),(215,37,10,'Id et sunt accusantium enim est. Consequuntur praesentium sunt quia porro molestiae ipsa ea. Molestiae dicta soluta ut illum. Qui eius dolor eligendi alias quisquam et.',0,'2014-10-29 07:16:47','2011-02-24 17:21:37'),(216,24,47,'Dignissimos omnis deleniti animi voluptates enim. Maiores tempora nostrum sed rem ea. Aut non quis qui corrupti. Aut laborum iste placeat accusantium.',0,'2011-11-20 01:10:34','2016-07-06 02:35:12'),(217,91,5,'Itaque numquam nihil eligendi ad aut sunt. Totam sint similique doloribus iste.',0,'2002-05-03 07:25:47','2013-01-07 09:35:31'),(218,74,41,'Alias quasi laborum et dolorum deleniti aliquam nostrum. Facilis totam modi eius. Fuga in et assumenda magni beatae vel. Laboriosam tempore maxime perferendis suscipit est.',0,'2014-02-08 11:47:29','2001-10-06 09:53:33'),(219,14,96,'Sed aliquam vero voluptatem est id non. Est suscipit quibusdam repudiandae maiores. In modi dignissimos qui praesentium. Et deserunt ea unde dolor.',1,'2018-02-17 09:54:54','2008-06-02 18:27:03'),(220,41,21,'Ratione ipsam dolore ipsa in. Nam maxime nesciunt est ipsam non est beatae sequi. Modi illo sit molestias nisi saepe pariatur. Quod ut ullam rem dicta eius.',0,'2015-03-30 04:31:00','2006-07-26 21:19:05'),(221,74,68,'Dolor iure repellendus ea molestiae occaecati. Harum delectus enim atque delectus et accusamus. Eaque omnis iste animi. Et fuga distinctio consectetur est.',0,'2000-09-25 11:46:03','2016-11-29 11:41:11'),(222,40,39,'Voluptas exercitationem aspernatur qui consequatur voluptatum. Quo accusantium ea sunt minus est. Vero dolor totam amet.',0,'2016-03-07 15:09:26','2018-03-31 15:10:26'),(223,11,70,'Voluptatem harum repellat voluptatem voluptatum adipisci sequi aut. Rerum necessitatibus qui est rerum. Aliquid nam consectetur vitae ut veritatis ad doloribus nostrum.',0,'2003-05-25 21:51:36','2012-10-16 15:52:56'),(224,94,99,'Est culpa vel libero alias et debitis. Nulla in voluptatum voluptatum qui. Consequatur cum possimus non quis. Maiores veniam voluptas facere earum.',0,'2011-03-14 07:40:24','2011-05-16 09:46:17'),(225,21,81,'Quos ut tempora facere aut. Sequi ipsum nulla libero sint omnis cumque. Architecto eum eos error facilis dolores itaque repellendus dolor. Tenetur officia blanditiis voluptatem blanditiis.',1,'2011-09-19 21:34:09','2013-08-01 08:19:51'),(226,18,79,'Adipisci facilis ipsa illo quia in. Praesentium natus qui nam rem laudantium. Accusamus omnis odio unde officiis dolore.',1,'2012-12-05 16:59:45','2016-08-11 01:39:09'),(227,93,64,'Magni quia dolores molestiae omnis amet molestias. Ratione maxime non excepturi. Deleniti vitae dicta sapiente consequatur. Inventore maiores ratione doloribus similique quos est voluptates.',0,'2009-08-02 06:31:44','2006-04-19 09:54:17'),(228,15,12,'Voluptatem omnis officiis omnis quas at voluptas nobis. Fuga dicta magni omnis minus unde. Rerum consequatur possimus reiciendis sint qui.',0,'2010-10-19 10:17:03','2017-07-26 13:09:29'),(229,70,51,'Iusto aperiam fugit distinctio velit vel molestiae corporis. Reprehenderit debitis eaque et rem.',1,'2014-12-18 00:03:39','2019-01-02 07:31:06'),(230,95,7,'Ea et molestiae provident adipisci modi officia. Ipsum rem quia dolorem omnis. Quia velit non facilis.',1,'2018-03-25 00:24:49','2011-06-07 05:58:42'),(231,61,18,'Omnis perferendis suscipit repellendus aut aut magnam qui. Consequuntur qui consequuntur aliquam sed quidem. Dolorem illum inventore dolorem tenetur ut.',0,'2016-07-05 22:31:09','2006-06-08 13:39:54'),(232,53,52,'Nemo expedita facere officia quas. Et aut aut quod et. Voluptatem ducimus commodi eos repellendus quis iusto. Quis magni delectus ex eum ipsam. Quasi voluptates dolor rerum qui facere sit odio.',0,'2009-03-26 16:37:50','2012-12-26 15:46:36'),(233,22,27,'Dolores et doloremque tempore nulla velit quisquam ut. Ut quae omnis enim commodi explicabo fuga. Aliquam blanditiis et ipsum et impedit et mollitia. Animi aut aut et voluptatem accusantium.',1,'2006-07-23 12:40:19','2004-05-26 23:49:06'),(234,92,36,'Velit perferendis consectetur ratione amet nobis. Commodi reprehenderit ullam accusamus. Adipisci repellendus iste et vel voluptatem eaque. Non fugit aliquam est vel itaque quos nisi.',1,'2020-11-23 15:38:13','2017-06-30 08:03:13'),(235,22,33,'Quos possimus error sint delectus fugiat sed blanditiis. Recusandae repudiandae necessitatibus et unde est nobis fuga. Architecto qui quo quae pariatur veritatis ab est.',0,'2019-09-22 02:24:50','2006-08-13 07:19:56'),(236,56,95,'Dolorem earum enim quae. Aliquam fugiat possimus aut qui aut sapiente. Consequatur repellat fuga nulla fugiat recusandae.',1,'2010-01-24 15:56:32','2005-09-19 15:25:59'),(237,1,96,'Ad culpa magnam architecto. Nam voluptatem impedit autem. Est qui ipsum deleniti odio non sunt.',1,'2013-06-17 01:08:38','2012-10-18 05:36:14'),(238,34,11,'Delectus magnam dolorem expedita id velit. Sint et ipsam corrupti officiis dolore. Modi numquam necessitatibus dolorem aut perferendis velit quia eaque.',1,'2016-04-29 23:04:43','2005-09-02 05:19:44'),(239,66,28,'Itaque sunt sunt commodi quam. Quia et magnam voluptate non nihil dolorum voluptatem. Magnam non vel vero aliquam consequatur. Pariatur qui iusto qui mollitia exercitationem.',0,'2020-04-16 01:52:36','2018-01-21 17:31:06'),(240,10,86,'Cum in voluptate sequi enim explicabo esse. Autem corrupti voluptatem velit voluptates et amet debitis.',0,'2015-03-09 04:24:50','2012-11-10 22:11:01'),(241,8,27,'Eum rerum deleniti sunt voluptatibus. Ipsam cupiditate temporibus vel esse. Et distinctio numquam quis deserunt numquam maiores ad similique.',0,'2005-03-05 19:11:04','2005-12-15 07:01:16'),(242,65,1,'Illo enim quo tenetur omnis dolores quidem suscipit et. Qui voluptatem soluta harum quidem. Dignissimos ipsa vel aut veritatis officiis atque. Aut aut sint dolorem.',1,'2011-05-08 04:10:50','2015-09-19 08:45:21'),(243,91,80,'Earum eveniet labore tempore maxime rerum. Soluta doloremque alias consequuntur. Deleniti et dolorum eveniet est quibusdam saepe et.',0,'2013-06-17 05:44:05','2003-08-09 02:39:34'),(244,13,60,'Quas itaque debitis repellat qui quam. Sequi voluptatem perferendis qui enim. Qui id nisi fuga facere. Autem vel repellat quia rem quibusdam.',0,'2021-02-23 18:44:33','2019-01-03 00:00:17'),(245,30,7,'Dolore qui voluptates quia qui assumenda. Eum et dolor quis quaerat. Voluptatem maxime deserunt asperiores. Veniam nihil delectus voluptatum fuga.',0,'2006-01-24 07:30:41','2003-06-20 21:22:17'),(246,66,91,'Ipsa quibusdam harum voluptates dolores earum sint repudiandae. Repellat magni dignissimos ut voluptas assumenda voluptatem a. Quo et sed distinctio consectetur ex rerum quos.',0,'2007-10-27 12:16:00','2000-06-12 09:21:19'),(247,25,18,'Ut magni quisquam autem sunt. Modi at et libero quaerat magnam sequi. Nesciunt voluptate voluptatem voluptatem. Debitis aperiam et nam facere.',0,'2018-04-22 09:30:33','2013-03-07 10:14:12'),(248,42,47,'Sunt assumenda aut ea. Molestias quisquam eius quia dolore adipisci et nesciunt. Dolor voluptatum quibusdam voluptas. Sed quia eos sequi rerum ut vel ut iusto.',0,'2016-07-18 00:53:13','2019-03-05 07:26:01'),(249,44,34,'Tenetur voluptatem voluptatem sint rerum iste voluptatem omnis. Amet voluptatem praesentium magni ullam sed qui assumenda. Ea in dolor et.',0,'2017-08-20 20:26:27','2002-05-26 06:25:23'),(250,82,66,'Sed nihil quibusdam sed maxime aliquam consequuntur sint. Laboriosam et nihil veniam voluptas ducimus natus. Earum est est exercitationem dignissimos libero et.',1,'2001-02-23 21:28:02','2018-11-09 12:19:29'),(251,66,38,'Itaque provident nemo debitis officiis non. Non eius aliquid ex nisi et voluptas. Corrupti repellendus nostrum recusandae quia quia quam sit error. Quos atque temporibus et aut sed odit.',1,'2006-03-31 20:10:05','2005-12-11 03:48:08'),(252,61,66,'Ex doloribus molestias nisi dolorem facere. Ut maiores animi eveniet. Harum omnis ab eos.',0,'2015-12-29 04:57:41','2008-05-09 04:00:23'),(253,33,94,'Dolorum voluptatem quae est blanditiis aut delectus sed. Amet eum odio qui qui. Sed quia aut velit nobis nam sunt voluptates voluptatem. Deleniti saepe fugit ut repellendus consequatur fugit.',0,'2000-04-21 21:31:15','2004-08-13 15:40:31'),(254,77,98,'Fugit omnis in libero omnis. Dicta quibusdam veniam maiores vitae repellendus non. Maxime blanditiis cum quo beatae omnis et corrupti. Nostrum doloribus nulla aliquam non inventore ut.',0,'2012-07-20 15:37:18','2006-12-12 08:19:24'),(255,21,87,'Accusamus praesentium eum dicta ad adipisci odit ipsa. Fugiat nam quam aut. Reiciendis sapiente voluptatem aut suscipit.',0,'2004-03-27 00:21:27','2008-11-28 13:03:54'),(256,84,29,'Ut dolor optio molestiae nemo omnis ea. Inventore fugit non occaecati. Velit quis sint repudiandae dolorem.',1,'2012-12-27 14:03:43','2011-06-07 08:01:25'),(257,13,48,'Unde reprehenderit doloremque id qui impedit vitae. Architecto ab delectus ipsum qui ea est et aut. Pariatur consequatur debitis temporibus. Ut et totam rerum velit quam libero rerum voluptatem.',1,'2015-03-19 13:59:43','2017-06-27 15:46:48'),(258,29,3,'Nemo quos velit maxime quia placeat porro dolorem. Expedita officiis aliquid et quod. At ipsam quia unde doloremque.',1,'2002-09-29 02:37:04','2000-09-09 11:56:54'),(259,27,41,'Nobis voluptas et inventore adipisci modi mollitia. In qui dignissimos voluptas architecto eum. Eveniet voluptas quibusdam ut quisquam molestias.',1,'2002-03-15 11:15:11','2009-01-21 10:45:37'),(260,63,57,'Et quas fuga aspernatur autem quam doloremque rerum voluptatem. Sit harum labore voluptas ipsam provident quia voluptas.',1,'2006-03-21 16:01:37','2011-04-28 22:19:13'),(261,48,28,'Corrupti nihil dolor ea architecto. Dolore eum laborum vel aut. Voluptatem numquam porro dolores.\nRepellat recusandae ut esse. Dolorem possimus similique maxime praesentium et.',1,'2011-12-06 20:42:59','2003-10-25 13:48:05'),(262,47,72,'Sint quas et qui dicta quo et molestiae voluptatum. Quia autem inventore odit consequatur ad provident aperiam. Natus possimus fugit sed quod voluptatem saepe.',1,'2005-06-11 21:45:58','2015-07-06 16:29:25'),(263,46,89,'Laudantium soluta maiores sequi rem enim pariatur. Consequatur soluta labore quae voluptates aliquam impedit. Vel voluptatum eaque doloremque voluptatem dolore et earum temporibus.',0,'2020-10-28 23:58:07','2018-09-08 09:55:08'),(264,18,90,'Eum iste eum eum ab voluptatem voluptatem quibusdam eos. Totam eos dolores saepe voluptate unde impedit. Minima qui sed quia dolorem. Perferendis et ad repellendus aut optio ea.',1,'2005-07-11 19:49:49','2007-01-12 01:46:14'),(265,22,99,'Quia officia ea ut reprehenderit illum. Voluptas possimus ut enim nulla. Quam modi quo adipisci nulla enim.',0,'2003-11-17 21:27:12','2003-11-29 09:43:07'),(266,55,88,'Repellat illo et qui est aliquid quisquam. Et et accusamus inventore tempore dicta. In officia autem reprehenderit quo ut suscipit illo. Magni corporis adipisci expedita iure necessitatibus.',1,'2000-07-07 10:27:42','2018-09-17 05:04:06'),(267,37,16,'Quasi expedita modi velit deleniti ut. Et voluptate similique in voluptatibus quo qui. Quo quis quisquam soluta sapiente.',0,'2003-09-04 15:25:18','2004-11-10 11:48:40'),(268,54,69,'Fugiat aut perferendis nobis qui aliquam. Nobis corrupti autem pariatur eum expedita doloremque illum. Et pariatur dignissimos rerum. Officiis voluptatum temporibus animi qui.',0,'2009-03-05 06:34:07','2002-06-21 13:10:46'),(269,9,31,'At modi id et quo deserunt. Sed quis eos tempora qui vero. At et rerum culpa suscipit consequuntur quibusdam asperiores sed.',1,'2009-10-18 04:29:50','2008-05-27 00:17:04'),(270,67,30,'Voluptatem maiores illo dignissimos est quasi. Harum porro earum repellat quidem numquam minima. Ut eveniet ea ducimus aut. Excepturi voluptatum ut fugiat quia aut sed.',0,'2001-04-05 18:23:53','2020-06-06 23:20:40'),(271,17,51,'Quam et cupiditate facere similique et magnam. Officia et ullam veritatis deleniti aperiam atque. Veniam sed illum est cum consequatur et. Quaerat id vitae pariatur autem reiciendis.',0,'2001-07-06 01:39:26','2001-10-09 12:29:19'),(272,59,30,'Quos voluptatibus et impedit qui totam. Eligendi dolorem voluptas laborum atque aliquid. Et nihil officia iusto ut consequatur alias aut.',1,'2015-09-01 13:12:40','2006-04-01 19:04:07'),(273,98,87,'Dolor non quam qui voluptate laboriosam tempore. Enim ab soluta autem sint voluptatem. Dolor asperiores in est sit ut ut animi.',1,'2007-02-20 19:44:39','2009-07-11 05:42:38'),(274,32,25,'Qui rerum et non quis temporibus ea non. Vel placeat et voluptate. Et similique voluptatum laborum. Veniam laudantium magnam dolores quo.',0,'2008-05-29 11:41:25','2017-05-14 12:04:16'),(275,28,95,'Odit dolores quia voluptatem. Consequatur qui excepturi ipsum expedita rem adipisci. Expedita sed perspiciatis eveniet est natus. Voluptatem vero aut ratione repellat ut aut eum.',1,'2018-09-12 05:02:33','2001-02-23 10:14:36'),(276,82,76,'Voluptas eius mollitia aliquid accusamus voluptatum mollitia maxime. Fugit itaque magnam minima voluptatem aliquam eligendi quae. Aut recusandae numquam optio qui aperiam aut sit.',0,'2013-01-15 15:12:12','2000-08-07 21:51:11'),(277,23,29,'Mollitia fuga maxime magni et est pariatur. Quia rerum quisquam nihil odit et.',0,'2019-04-25 03:25:32','2005-07-29 04:02:02'),(278,47,68,'Atque expedita doloremque minus illum modi temporibus. Voluptas excepturi optio facere aut. Suscipit sit temporibus rem nobis et sint. Id adipisci fugiat ipsa blanditiis sequi.',1,'2016-11-10 06:57:27','2012-09-28 03:04:31'),(279,17,64,'Eius ut ex dolor et nostrum totam. Molestiae quidem non voluptatem in. Ad aut sed in consequatur possimus omnis.',1,'2005-09-20 23:45:46','2006-03-15 10:55:51'),(280,58,39,'Mollitia vel omnis tempora ut. Sed eius nesciunt qui nobis id minima.',0,'2011-08-09 14:37:30','2012-01-10 02:19:06'),(281,63,13,'At quia temporibus possimus et enim quis nobis omnis. Et nihil eum nesciunt nemo commodi. Vitae blanditiis quod non iure animi velit dolores. Qui modi perspiciatis accusantium rerum iusto et dolorem.',0,'2016-11-23 19:10:28','2020-02-21 22:17:09'),(282,26,99,'Vel occaecati debitis quas sint. Sint commodi ut illo. Inventore vel id beatae exercitationem incidunt praesentium amet provident.',0,'2016-05-06 00:38:25','2013-10-02 18:11:02'),(283,28,79,'Nihil magni molestias quis qui. Sed cumque est sapiente beatae est molestias aperiam repellendus. Eaque nemo nihil reiciendis harum id voluptas.',1,'2013-01-24 17:15:56','2007-08-17 14:31:36'),(284,68,36,'Non a pariatur omnis corporis. Vel dolorum odio facilis. Nam itaque ad laboriosam fugiat. Qui pariatur quis cumque voluptatem voluptate voluptatibus earum.',0,'2006-05-23 08:21:24','2006-04-12 16:04:53'),(285,9,35,'Placeat excepturi maiores nam. Fugiat qui fuga dolores aut nam. Et voluptatem animi praesentium molestiae perferendis. Aperiam itaque exercitationem est nemo delectus est voluptas similique.',0,'2013-07-07 19:53:24','2005-02-13 21:25:11'),(286,66,25,'Reprehenderit et deserunt in odit. Sed cumque aperiam ex repellat harum velit. Eveniet officia provident qui maiores ut dolores.',1,'2017-10-02 02:17:11','2003-08-02 18:50:52'),(287,85,24,'Et mollitia voluptatem quia blanditiis non nam itaque. Omnis optio ducimus maxime unde eum. Ut incidunt omnis beatae voluptatibus fugit. Et a ducimus et blanditiis.',0,'2012-05-21 00:55:30','2017-12-10 15:52:52'),(288,54,82,'Magni voluptatum quia in aut voluptatum. Eveniet inventore veniam accusamus dolores. Sit est saepe laboriosam sit dolor.',0,'2005-06-24 11:44:29','2015-09-22 21:27:08'),(289,11,86,'Voluptates laborum ea quos consequatur inventore neque. Aut nostrum voluptate reiciendis quae est asperiores delectus. Sit ipsa natus accusantium ullam aut laborum.',0,'2017-05-29 07:11:01','2001-09-23 15:18:56'),(290,7,39,'Rerum quia architecto ut ea quo. Molestiae error architecto nihil doloribus iusto non voluptas sit. Ratione eos blanditiis consectetur ut alias. Sint et nemo error et.',1,'2012-07-02 11:17:33','2020-01-03 22:39:54'),(291,81,88,'Quaerat harum facilis eius est. Corporis non ut voluptate ipsum quod deserunt numquam.',0,'2011-01-09 00:43:59','2020-03-18 03:08:11'),(292,14,3,'Pariatur omnis doloremque et dolore omnis molestias. Consequatur animi et consequatur et libero. Fugit modi enim aut quam ipsum eveniet. Occaecati quis sint necessitatibus aliquid aliquam.',0,'2017-12-04 03:54:53','2002-01-14 13:56:53'),(293,16,60,'Culpa quidem illum quae et dolor corporis. Voluptatibus sunt mollitia temporibus delectus dolorum fugiat fugit. Corporis eius modi ipsa maxime.',0,'2016-02-08 20:56:42','2018-03-20 18:01:30'),(294,70,33,'Dignissimos dicta sed omnis eligendi dolorem quas. Omnis esse autem nostrum. Rerum aspernatur magni libero perspiciatis minima. Eveniet voluptas dignissimos at aperiam.',0,'2016-07-18 01:53:23','2014-11-19 14:50:23'),(295,24,28,'Perspiciatis autem et aspernatur assumenda repellat et iusto. Est at ut nulla id reiciendis. Ipsum qui ipsam nostrum autem rerum placeat voluptatem.',1,'2019-07-29 05:55:12','2003-11-23 15:53:59'),(296,71,87,'Rem ex impedit qui mollitia. Doloribus dolores molestiae omnis. Earum alias dicta distinctio non optio voluptate. Omnis quam dolorum sint optio hic sapiente. Quo et aliquid soluta quia.',0,'2000-06-28 00:36:45','2017-01-20 19:42:09'),(297,40,96,'Et non iste et magni nulla. Sit voluptas laudantium odit fugit quaerat temporibus harum animi. Et eius aut excepturi ut. Est adipisci consequatur a non.',1,'2011-05-17 03:00:17','2010-11-15 20:03:31'),(298,86,67,'Temporibus dolores ipsam praesentium voluptatem qui possimus inventore. Dolores qui eius quasi dolorem libero. Necessitatibus qui totam aut nihil.',1,'2020-08-26 09:27:27','2019-03-01 06:50:44'),(299,74,53,'Quam in doloribus expedita aliquid quidem sit. Rem cum qui qui qui et quisquam et. Et at at ad quia magni.',1,'2016-10-21 22:29:15','2019-04-02 12:34:50'),(300,3,83,'Cum alias cupiditate consequatur rem facere. Ipsa odit eum iure aliquam qui quo. Fugiat necessitatibus illum consectetur ea in.',1,'2015-04-26 16:37:43','2011-05-27 16:20:02'),(301,87,68,'Officiis et esse voluptas sed ut. Quos est impedit vitae animi et nihil rerum autem. Quam provident ut doloribus eos. Ea qui dolores commodi ullam aut.',1,'2011-10-11 16:44:41','2017-08-23 12:09:24'),(302,8,71,'Autem qui at commodi consequatur earum maxime in totam. Consequuntur harum enim quia unde. Rerum ut in fuga nesciunt voluptates.',0,'2001-04-02 04:05:02','2000-02-02 07:39:04'),(303,92,62,'Ad rerum voluptatum aut aut sint. Itaque autem nobis itaque est corporis laborum. Eos tempore dolor dolores saepe. Numquam vel harum est quaerat sunt labore velit.',1,'2006-03-08 09:56:01','2017-11-07 07:07:28'),(304,53,3,'Libero voluptatem voluptatem quibusdam consequatur repellendus quisquam. Rerum alias nam eum aliquam nam quia sed. Vero ratione consectetur maiores exercitationem sapiente in.',0,'2008-03-26 22:26:21','2004-04-20 12:11:35'),(305,48,60,'Et et eum voluptatem et. Doloribus dolores eum iste aperiam delectus sed distinctio. Occaecati laboriosam blanditiis est.',1,'2006-06-05 18:33:18','2019-10-14 21:29:21'),(306,41,28,'Iste voluptatem sed aut accusantium. A consequatur quia ut. Quia numquam molestiae consequatur minus soluta eius odit aut. Earum impedit nulla rerum cum fugiat amet at.',0,'2001-02-18 15:09:07','2006-11-25 07:14:24'),(307,48,54,'Nisi aut et provident unde cupiditate architecto earum. Quos veritatis autem accusantium dolor eaque sed assumenda esse. Voluptatum est minus quis debitis omnis.',0,'2009-03-02 00:29:40','2020-09-22 18:36:58'),(308,30,63,'Dicta enim ipsa delectus dolore ut eos architecto. In soluta inventore nam et. Soluta rem aliquam numquam et quasi. Ex vero laudantium vel.',0,'2021-01-09 22:36:41','2014-10-15 08:54:08'),(309,14,100,'Incidunt odio aliquid velit cum culpa laudantium. Corporis suscipit hic sunt blanditiis earum. Accusantium ullam illum ipsam est.',0,'2015-04-18 07:37:42','2010-07-23 13:48:30'),(310,95,38,'Temporibus enim occaecati quis rem quo. Exercitationem neque et quia sed aliquam repellendus et. Sapiente quam aperiam quis quaerat quam natus. Excepturi voluptatum qui laborum fuga.',1,'2002-10-23 02:21:45','2016-01-31 13:20:38'),(311,27,65,'Unde eveniet molestiae aspernatur corrupti. Dolore eveniet mollitia dolores exercitationem porro. Natus nihil sit ut vel enim molestiae.',0,'2010-07-20 19:42:58','2009-02-28 20:38:43'),(312,24,66,'Accusamus cumque est repellendus eos qui non a. Dolores repellendus occaecati quia et natus.',0,'2018-11-04 03:24:23','2003-05-08 01:31:14'),(313,61,10,'Animi et dolores placeat sed alias. Dicta qui quia aut nam consequatur sit sit. A facilis aut eligendi quae repellendus repudiandae.',1,'2003-01-02 11:49:33','2002-05-02 07:04:25'),(314,32,34,'Fuga nihil natus asperiores harum sed ad. Consequatur maxime quidem impedit molestiae. Voluptatem ut et amet aut cupiditate libero quasi. Et vel incidunt aut.',1,'2003-04-14 03:43:52','2001-08-15 15:39:56'),(315,62,34,'Non expedita labore est omnis. Fuga vitae laboriosam voluptatem perspiciatis. Et dolores ad deleniti dolorem explicabo assumenda. Error quisquam non facilis ea quia reiciendis sapiente et.',0,'2016-05-27 05:10:40','2015-10-29 03:17:48'),(316,17,49,'Repudiandae exercitationem voluptatem odio voluptatum. Aut velit ipsa autem enim velit. Reprehenderit sit dolor debitis quidem deserunt.',1,'2004-10-14 14:43:08','2003-05-03 04:27:29'),(317,2,24,'Sed eaque perspiciatis quo maxime aperiam. Sequi voluptates consequuntur sit ad laboriosam maiores itaque debitis. Quaerat accusantium sunt ipsa ea dolores.',1,'2009-07-04 17:14:58','2013-12-08 16:32:52'),(318,20,94,'Est laudantium quia aspernatur sed. Dolorem est animi ut doloribus. Omnis voluptas et facilis id et et.',0,'2005-04-14 03:25:32','2019-09-02 08:54:21'),(319,86,73,'Omnis sequi non non atque. Saepe ratione non sapiente. Non magni doloremque voluptate ducimus ut.\nAccusamus in ipsa ad ratione ut enim. Harum culpa et error dolor ut.',1,'2016-02-10 15:15:24','2015-07-08 05:54:23'),(320,96,33,'Adipisci enim dolorem consequuntur voluptatem sunt eligendi. Est iure eligendi perferendis est iure aut. Nostrum ullam doloremque repellat rem hic.',1,'2015-09-08 06:28:48','2018-12-21 00:56:07'),(321,32,36,'Praesentium rem doloremque eos ipsum qui. Sed animi dolorum amet at reiciendis et. Quam enim quia nostrum laboriosam aut ab.',1,'2018-07-13 11:14:45','2008-06-10 17:48:13'),(322,60,79,'Dolores sed placeat accusantium quaerat culpa. Doloremque cupiditate omnis illum harum. Omnis eius atque facere cupiditate repudiandae perferendis. Consequuntur dolores dolore voluptas rem ut illo.',0,'2020-09-09 19:14:52','2004-03-26 23:28:21'),(323,90,89,'Eaque dolores qui ut quasi quam vero sint. Temporibus reprehenderit et qui autem ut mollitia dolore non. Excepturi non a ex.',0,'2019-12-12 13:20:52','2007-04-18 16:06:59'),(324,42,4,'Quas doloribus id quaerat vel eum quae. Debitis nisi natus ipsam. Autem dolor quas quia impedit alias officia dolorem quae. Et a voluptatem ab odio a.',1,'2009-11-16 17:52:56','2001-02-21 20:33:46'),(325,88,37,'Voluptas asperiores distinctio ipsum dignissimos quibusdam distinctio neque. Aut nisi corporis ducimus quia iste explicabo exercitationem. Repudiandae rem id neque molestiae velit facilis voluptatem.',0,'2015-07-17 15:37:20','2014-11-06 11:25:01'),(326,41,14,'Aut recusandae eos ipsum rerum quas quibusdam. Alias ipsa eos molestiae ullam. Corrupti architecto repudiandae ducimus placeat. Ex non quasi nobis aliquid optio quod est.',1,'2013-05-06 20:46:50','2010-11-01 11:39:52'),(327,1,65,'Ut dicta sed sit a voluptatem veniam voluptatem. Minus fugiat esse ipsa consectetur quas. Ea voluptatibus aut aut dolorem maxime. Suscipit ut in a vel cum quas debitis facere.',0,'2016-07-29 12:32:21','2018-12-05 16:59:38'),(328,80,61,'Nisi voluptatum ipsam doloremque est sit porro. Sunt minima molestiae vitae. Quia consequatur voluptatibus vitae adipisci aut.',1,'2013-10-29 19:25:11','2001-02-25 13:13:06'),(329,74,11,'Rerum veritatis doloribus qui voluptatem illo. Itaque sunt dolores consequatur ea sint. Debitis natus dolorum ab optio delectus aliquam sed.',0,'2014-02-21 23:39:51','2004-10-17 08:30:39'),(330,95,36,'Perferendis dolor nam incidunt est voluptatem voluptates. Tempora fuga voluptates praesentium. Iusto et omnis possimus iusto dolorum nemo.',0,'2003-01-25 02:33:21','2009-07-14 12:23:17'),(331,45,12,'Optio debitis et delectus at dolor delectus id. Voluptas explicabo et quasi suscipit esse et numquam. Aut maiores quia eum aut. Aut aut vel sapiente occaecati dignissimos et rerum.',0,'2014-08-07 20:11:49','2004-02-18 00:13:53'),(332,84,47,'Ut deleniti ipsam voluptas et unde odio. Hic nam autem sit quam et est deleniti. Minus est molestiae assumenda eaque aut distinctio animi.',1,'2001-10-21 18:46:51','2011-11-30 07:21:54'),(333,36,4,'Praesentium in dicta amet dolor exercitationem ut. Velit voluptatum nostrum nisi sint exercitationem. Maiores perspiciatis aperiam officiis. Animi et quam ad facere expedita est autem.',1,'2000-03-12 11:19:40','2004-12-16 05:38:49'),(334,40,21,'Quis doloribus et assumenda voluptatem. Incidunt ut et recusandae. Voluptas at sint quisquam asperiores est qui quidem. Animi minus ullam aliquid soluta maxime pariatur.',1,'2005-05-26 23:04:45','2007-02-28 20:06:29'),(335,76,36,'Ducimus amet ipsa in modi saepe earum. Consectetur ratione ipsam a. Quidem nihil in illum quis.',0,'2009-03-07 10:50:01','2017-08-11 06:10:18'),(336,53,8,'Sapiente quae sunt mollitia eius a. Autem consequatur deleniti adipisci nemo. Cupiditate et assumenda modi laudantium corrupti aut laboriosam totam.',1,'2012-03-02 22:20:36','2010-03-22 01:10:25'),(337,71,12,'Tenetur consequatur id debitis iusto corporis. Sint dolores rerum repellendus cum aut at et. Enim recusandae sunt commodi quod dolorem.',0,'2010-09-18 09:32:25','2016-02-06 10:51:26'),(338,87,61,'Et nihil ipsum culpa ex est quaerat dolores. Aperiam est ullam et quam et quae. Nostrum consectetur voluptatem repellat eum. Excepturi deleniti et voluptatibus facilis odit.',1,'2017-10-06 18:07:23','2005-12-28 05:45:11'),(339,1,28,'Ut sed consectetur explicabo. Vero et autem velit reprehenderit. Consequuntur omnis voluptatem nobis distinctio velit corporis.',0,'2000-06-13 04:37:44','2002-12-09 20:56:53'),(340,64,88,'Nesciunt ad blanditiis aut aliquid. Consectetur qui pariatur cum corporis molestiae nihil voluptas eligendi. Dolorum nisi delectus debitis. Unde saepe omnis ea voluptatem enim.',1,'2009-10-23 05:54:30','2005-01-16 04:01:11'),(341,65,4,'Ratione accusantium error molestiae voluptatum voluptatibus. Ut ut rerum nesciunt sit. Quidem non ipsa quam ipsa ullam voluptate dolorem.',1,'2004-10-01 01:11:43','2004-07-28 01:39:09'),(342,2,65,'Laudantium dolores quasi et qui dolorem. Culpa voluptate dolore fugit debitis. Aliquam autem ipsa impedit rerum.',1,'2008-08-08 01:53:43','2001-04-03 06:26:53'),(343,69,81,'Expedita consequatur et earum quas et hic. Autem libero quas et laudantium. Autem odio et eos. Unde officia officiis vero in iste rem molestiae.',1,'2001-08-07 00:17:48','2014-12-19 20:49:24'),(344,26,42,'Voluptatibus velit et quia qui vel voluptate ut facere. Dignissimos et nihil sint rem.\nUllam vel incidunt magni. Ea ab quam ut quo tempore dolorum quaerat.',0,'2014-11-16 08:04:54','2003-03-05 23:49:59'),(345,92,21,'Est sed beatae occaecati corrupti. Modi molestiae et id exercitationem occaecati maiores. Vero exercitationem quo debitis magnam expedita labore enim.',1,'2004-07-07 14:03:05','2021-02-18 16:05:25'),(346,78,37,'Ut rerum tempora dolorem sed. Repudiandae est earum enim dolore nemo. Quia ut est enim tempora ea dolorem amet.',1,'2006-01-07 01:22:49','2008-04-06 07:29:45'),(347,33,61,'Porro asperiores odit exercitationem voluptatem. Nemo aut quasi sint quidem distinctio ut. Dolorem voluptatibus ea ab libero et dicta voluptatem et.',1,'2019-01-20 19:01:01','2010-11-17 17:39:22'),(348,83,68,'Aliquam impedit suscipit explicabo autem optio quas. Corporis est similique blanditiis sapiente tenetur non. Velit ipsum dolorem est consequatur quia qui.',0,'2002-06-17 01:22:40','2007-04-10 09:05:09'),(349,65,23,'Aliquam harum voluptas dignissimos dicta numquam iure. Sit ut aut velit repudiandae nulla. Alias non natus ullam incidunt sequi magni.',0,'2011-06-05 13:03:57','2011-09-18 02:24:29'),(350,89,40,'Necessitatibus assumenda voluptatem voluptas nihil aut possimus perspiciatis. Voluptas fugiat praesentium officia quae sed laboriosam sit. Nostrum est dolor illo veniam occaecati et.',1,'2007-01-11 16:30:25','2006-05-13 10:36:06'),(351,58,41,'Sunt ex ipsum aliquam. Aut praesentium ea quia enim culpa. Modi veritatis qui sint mollitia.',0,'2013-09-16 07:56:22','2017-03-13 12:21:51'),(352,48,29,'Ut deleniti ut placeat quasi quia asperiores quis eaque. Et fugit vero quae. Incidunt nemo maxime sed sit cum non. Vitae accusantium esse placeat debitis est.',0,'2021-02-13 13:05:15','2018-01-22 16:56:46'),(353,53,34,'Ipsum quaerat omnis necessitatibus rerum. Quo distinctio voluptatem tempora soluta dolore. Veniam ullam id omnis quas voluptas quas placeat. Et et quaerat sed placeat repellendus.',1,'2001-02-10 08:54:28','2011-08-01 02:43:20'),(354,89,53,'Quia in at assumenda tenetur sit omnis culpa. Mollitia officiis quas modi aut et cum voluptatibus. Laboriosam adipisci est ab inventore. Consequuntur dolores quia nostrum nisi ut esse.',1,'2014-02-25 23:21:54','2009-12-06 09:38:47'),(355,62,52,'Aliquid sequi consequatur vel quo quisquam. Et et repudiandae molestiae nam iure inventore. Culpa beatae repellendus sint consectetur dolorem. Et sed porro corporis deserunt nemo explicabo nihil.',1,'2021-02-28 06:22:24','2016-02-27 06:05:04'),(356,41,26,'Ab suscipit voluptatem veritatis sit dolorem incidunt. Aut quia aspernatur magni impedit eos. Dignissimos nostrum eligendi ea provident. Fugit sapiente sed iste dicta.',1,'2006-06-29 06:07:08','2006-10-03 18:48:15'),(357,56,42,'Voluptatum cumque voluptatem recusandae et vero perferendis. Eius in delectus vel at. Voluptatem nemo dolore aspernatur vero exercitationem.',0,'2020-01-25 06:54:31','2011-10-25 20:22:31'),(358,91,24,'Fugit harum omnis corporis a. Explicabo rem tenetur et a a. Atque odio omnis corrupti voluptas vitae reiciendis neque. Et eos minus voluptatem.',1,'2004-02-13 15:04:53','2017-03-03 12:01:32'),(359,22,17,'Necessitatibus dignissimos et eius excepturi sunt odit delectus. Sed repellendus ab architecto. Quia voluptatem vel facilis possimus earum.',1,'2010-10-06 13:42:33','2004-05-30 08:43:50'),(360,66,14,'Illum dolorum est consequatur id temporibus nostrum iure. Molestiae officiis ipsa eligendi velit culpa. Velit sed dicta aut. Laborum suscipit ipsam dicta et ab iste.',1,'2015-03-26 13:43:15','2001-10-23 06:59:00'),(361,38,43,'Quaerat quidem eaque illum non unde minus quasi. Voluptas quo non deleniti pariatur velit molestiae. Reiciendis rerum tenetur ut asperiores.',1,'2002-04-27 08:16:13','2016-09-23 10:20:22'),(362,50,70,'Possimus consequatur qui aut et. Facere aliquam est rerum molestiae eligendi. Quis ad eos non corrupti. Eum fuga et doloribus reprehenderit est.',1,'2020-11-04 18:34:41','2005-07-27 16:27:56'),(363,4,33,'Cum velit repudiandae est fugit corporis. Natus consequatur maxime laborum aperiam quidem. Soluta ab aliquid exercitationem corporis quisquam. Facere incidunt et ut dolorem.',1,'2006-03-25 01:45:49','2016-05-12 06:59:48'),(364,38,68,'Sit tenetur nostrum omnis rerum asperiores. Et asperiores ut aut dolores quis. Aut assumenda cumque vel iusto. Quaerat aut rerum consectetur quibusdam.',1,'2000-05-04 22:32:44','2007-10-23 04:13:32'),(365,55,26,'Quia qui in ut porro maiores qui autem. Vel perferendis nihil sit dolorem nulla. Ut minus qui non. Sequi reprehenderit dignissimos veritatis est ut.',0,'2008-01-20 06:25:28','2017-02-17 18:19:52'),(366,8,13,'Quasi corporis est illum modi quia. Sunt eos ipsa ullam nesciunt nostrum a fuga.',1,'2008-08-15 23:45:17','2007-09-28 20:24:05'),(367,67,56,'Quae deleniti voluptatem possimus asperiores fugit totam aspernatur earum. Qui corporis consequatur molestiae est. Eaque est harum nisi. Neque expedita et praesentium illo.',0,'2010-03-04 17:02:28','2012-07-09 15:13:40'),(368,41,19,'Quis qui quis asperiores aut est voluptatem. Accusantium cupiditate aut quia non omnis omnis. Dicta nam rerum sed quas vitae tenetur rerum qui. Eos aperiam hic deleniti quos.',1,'2008-09-28 02:17:11','2000-03-06 12:06:23'),(369,89,29,'Qui mollitia ab beatae dignissimos. Itaque enim libero quod laborum omnis sunt accusantium.\nEarum cumque consectetur reiciendis quasi. Iste tempore porro architecto aut eaque eos.',1,'2007-10-21 17:42:25','2010-06-15 06:33:17'),(370,71,51,'Laudantium consequuntur necessitatibus fugit reiciendis. Sint est aut voluptates nisi voluptates a alias. Et aut omnis quas ea qui. Veritatis rerum enim laboriosam veritatis aliquid laboriosam.',1,'2000-08-10 04:31:59','2015-04-26 09:37:12'),(371,81,11,'Nobis sunt enim est modi eaque quaerat. Voluptate non et voluptatem veritatis nulla dolores commodi et. Inventore dignissimos cupiditate expedita nemo quibusdam sed.',1,'2007-02-18 11:01:22','2015-09-08 08:12:27'),(372,77,37,'Necessitatibus est consectetur nobis magni. Itaque laudantium omnis sit in fugit sed perspiciatis. Ex facere ad ea molestias.',1,'2016-11-07 05:34:26','2010-10-13 13:17:45'),(373,53,67,'Labore beatae perferendis exercitationem aspernatur. Hic quo animi ipsa sunt similique nisi sed consequatur. Ipsum ea saepe qui. Labore a beatae rerum est quos maiores aut provident.',0,'2004-11-16 05:53:04','2020-01-03 16:22:08'),(374,61,75,'Ipsa fugiat ullam aperiam. Ratione qui sint cum cumque. In tenetur mollitia excepturi est. Ea in nisi autem nostrum quia fuga et.',0,'2000-02-11 05:39:26','2000-02-24 02:41:46'),(375,84,26,'Debitis qui sed non placeat. Non et ut quis id et nisi. Est tempora rerum sunt sunt.',1,'2000-06-25 08:30:37','2006-06-17 14:17:56'),(376,88,22,'Neque minima et tenetur doloremque occaecati sapiente odio. Et id error suscipit. Unde rerum et nulla consequuntur placeat exercitationem maxime. Velit et nulla architecto vero minima ad alias.',1,'2006-09-10 15:20:10','2018-12-16 16:32:53'),(377,69,37,'Distinctio tenetur voluptatem distinctio officiis voluptatem placeat iste. Facere reprehenderit assumenda itaque ea qui illo. Esse vitae autem consequatur facere laborum quod blanditiis.',1,'2007-06-26 03:24:01','2002-06-12 15:10:34'),(378,92,72,'Amet velit repudiandae perspiciatis eligendi veritatis. Quisquam tempore aliquid dolorem provident distinctio. Voluptas voluptatem dolore atque ratione labore at.',0,'2011-04-03 14:59:54','2003-10-12 06:41:06'),(379,70,29,'Optio a est officia iusto quibusdam laboriosam deserunt rem. Modi mollitia voluptates iure repellat repellendus at. Exercitationem et nemo nostrum totam consequatur sed.',1,'2019-02-09 01:09:45','2000-08-19 05:44:47'),(380,40,24,'Facilis veniam reiciendis et dolores voluptatum et. Sit perspiciatis totam optio reiciendis et quo. Numquam reprehenderit tenetur quasi illum recusandae consequatur et.',1,'2014-04-14 04:33:53','2017-01-14 13:11:56'),(381,55,48,'Ex ipsum eos aut. Et non autem exercitationem adipisci earum deleniti exercitationem. Doloribus ex earum architecto a ducimus ut molestias. Nulla debitis quaerat id.',1,'2006-05-25 12:43:51','2011-06-20 02:14:14'),(382,37,21,'Aperiam error sint nemo dolor. Et eum ex amet quasi omnis. Incidunt quia dignissimos voluptatem harum sit eveniet. Nihil molestiae est et ipsa quibusdam voluptate.',0,'2020-04-02 18:01:46','2012-09-02 08:37:22'),(383,3,77,'Molestiae quo dolores expedita possimus quo incidunt asperiores. Veritatis magni autem est dolores aut. Voluptatem quod sequi asperiores culpa consequatur iure necessitatibus ea.',1,'2020-08-01 22:07:22','2002-12-12 01:47:12'),(384,40,92,'Laudantium esse doloribus enim omnis. Impedit pariatur perspiciatis sapiente. Fugit odit quia aut illo ab ab consequatur.',0,'2018-05-17 16:50:50','2017-06-18 02:06:08'),(385,6,11,'Aut itaque ea omnis ex qui necessitatibus qui. Labore eos ducimus vero sequi. Labore vel perspiciatis repellendus tenetur eos modi. Voluptatem ut quia cumque necessitatibus consequatur est.',0,'2016-12-17 18:47:38','2016-04-21 05:14:49'),(386,42,87,'Ipsum ipsa inventore sunt assumenda sed. Recusandae eius ut excepturi reprehenderit perspiciatis odit. Neque et aliquid nesciunt consequatur quidem.',0,'2009-09-26 05:35:06','2003-09-09 09:38:48'),(387,22,18,'Quos eos porro nisi est minima. Et voluptatem rerum eaque provident pariatur. Et corrupti ut culpa corrupti vitae ut quia.',0,'2019-08-02 23:22:36','2010-02-02 19:08:18'),(388,23,74,'Dolores voluptatem nobis modi veritatis laboriosam quisquam ipsum. Dicta id voluptates veniam quibusdam qui omnis ipsum.',1,'2010-11-10 10:39:57','2017-09-22 08:41:44'),(389,85,83,'Beatae repellat a incidunt dolorem sequi. Nihil voluptas consequuntur blanditiis facere perspiciatis eos neque tenetur. Consequatur qui est sed eveniet accusantium iste.',1,'2016-11-04 22:52:52','2017-04-04 21:50:36'),(390,48,69,'Ea aspernatur blanditiis facere et. Quae ea nam dolores voluptatem voluptatem est. Nulla cumque non harum.',1,'2004-03-07 10:05:45','2012-11-16 13:34:59'),(391,9,36,'Vitae aut et odit. Autem et quam et laborum inventore. Quia est maiores pariatur modi. Fuga dolore reprehenderit maiores quas sed accusantium.',0,'2005-06-28 19:10:29','2002-10-18 05:57:33'),(392,90,77,'Facere doloremque iure esse magni qui. Veritatis aperiam velit facere esse eaque voluptas deserunt. Consequatur unde eos quos delectus cupiditate enim a. Odio a sunt dignissimos ullam ea sed.',0,'2014-03-27 17:52:42','2006-01-16 10:10:06'),(393,73,81,'Pariatur nulla soluta facilis. Hic laboriosam magnam facere eius explicabo. Est nihil vel qui nobis error. Amet et ratione ab esse accusamus doloribus iste. Ut delectus inventore sit ducimus non.',1,'2012-02-19 17:04:43','2012-08-03 15:44:30'),(394,49,42,'Magnam doloribus quis reprehenderit qui voluptatibus. Labore quo dicta recusandae. Nemo dolor iusto cum laudantium dolore dolor animi quisquam.',0,'2014-04-22 21:23:34','2011-09-30 09:32:29'),(395,10,88,'Qui ut sit libero ipsa et. Reprehenderit nihil id sequi quae qui quis hic. Eos porro qui aut natus quidem deserunt nobis. Omnis quis nihil deleniti et dolores.',1,'2018-05-09 19:37:44','2017-08-21 16:07:41'),(396,66,65,'Non in repellat sunt dolorem accusantium voluptate molestiae. Beatae ut consequatur culpa sed minima ex. Corporis ea labore sunt est eos.',1,'2004-07-06 05:27:10','2017-08-27 17:10:45'),(397,35,2,'Laborum libero voluptas amet et dolorem. Officia nulla id quibusdam autem eos atque voluptatem. Animi cumque in enim minus consequatur.',1,'2019-11-13 11:14:12','2009-09-12 07:29:30'),(398,85,37,'Voluptates perspiciatis blanditiis aspernatur perferendis beatae nulla. Tempore dolores doloribus libero necessitatibus. Corrupti dignissimos fugiat consectetur harum cupiditate.',0,'2010-09-25 05:45:17','2001-10-21 18:50:05'),(399,79,25,'Sequi est amet beatae ab. Et eos voluptatum est eos. Molestiae consectetur quibusdam labore et ad nostrum et. Ut qui iure at.',0,'2018-04-08 09:45:14','2007-08-01 04:55:13'),(400,29,85,'Consequatur ut id iusto ut accusantium nam. Qui aspernatur consequatur quia exercitationem autem aut ut fugit. Officia quaerat consequatur quis laborum.',1,'2017-04-07 05:14:56','2002-12-30 22:20:28'),(401,35,70,'Repellat quis earum ut voluptas voluptate. Nihil id sed sed doloribus. Laborum illo voluptatibus minus quos in corporis officia dolores.',0,'2006-12-14 13:38:06','2003-03-09 03:36:42'),(402,71,56,'Impedit eveniet quidem reiciendis eum. Blanditiis quae pariatur voluptatem. Harum ut explicabo dicta reprehenderit labore maxime.',0,'2010-08-16 19:33:51','2010-03-03 11:36:22'),(403,88,94,'Quis repellendus incidunt quo magnam. Ipsa soluta vel qui eius ut id. Magni et et et quod excepturi minus quia quidem. Natus ipsam distinctio ut omnis.',0,'2020-03-11 22:42:54','2005-08-21 19:19:52'),(404,30,73,'Totam nihil dolorem aperiam non dolorem omnis optio. Omnis delectus accusantium aut facilis iste culpa temporibus. Totam voluptatem fugiat ratione. Dolore id consequuntur cumque.',0,'2005-04-18 03:33:23','2017-11-26 20:24:30'),(405,76,78,'Sint quas cum reprehenderit aperiam. Quos qui qui eaque suscipit corporis. Illo illo sunt impedit id.',0,'2014-09-04 03:15:13','2016-08-08 05:53:57'),(406,42,84,'Labore ad consequatur ducimus ipsam. Iure et nihil sapiente dignissimos aut modi natus natus. Aperiam aut sed eaque explicabo et minus ducimus eos.',0,'2007-04-27 06:33:45','2014-03-26 13:09:42'),(407,13,31,'In facere officia sunt consequatur. Id maiores voluptas dolores dolorem et. Et facere perferendis sit quas. At aspernatur porro quisquam et.',0,'2008-05-07 11:17:14','2006-06-15 17:57:12'),(408,61,86,'Magnam cum similique asperiores tempora reprehenderit voluptas perferendis. Suscipit dolores architecto distinctio vel.',1,'2004-10-20 18:10:30','2014-10-30 00:39:51'),(409,12,9,'Ea repellendus quis quibusdam rerum quibusdam expedita. Est iste esse quod explicabo. Facilis commodi odio pariatur ut.',1,'2012-02-19 07:27:29','2015-02-23 07:17:04'),(410,27,22,'Aut aliquam incidunt quas illo aut rerum voluptas. Possimus libero provident velit non maxime. Minus ipsum maxime ea aut dolor et voluptas. Cumque odit ex occaecati ut vel repellat et.',0,'2001-06-03 08:07:48','2015-02-28 19:27:42'),(411,96,93,'Illum aut dolorem nobis quibusdam doloremque et. Laboriosam ratione enim repellendus sit ut. Culpa delectus sed in ea culpa labore vitae.',1,'2003-08-03 22:09:07','2005-10-25 11:19:42'),(412,86,31,'Officia dolorum minima doloribus consectetur voluptatum eum numquam. Numquam voluptatem reprehenderit aut et. Officiis quia et quisquam velit sunt laborum magnam.',0,'2002-02-11 16:04:43','2017-05-13 06:57:18'),(413,95,71,'Eius veniam qui et eos. Numquam sunt et pariatur autem itaque voluptas. Velit velit amet ut qui sed deserunt.',1,'2004-09-12 19:33:31','2009-08-14 04:26:05'),(414,68,73,'Ea vero est sed qui sit. Temporibus porro corporis illo vitae et. Doloremque veniam distinctio enim.',1,'2006-12-08 08:54:46','2013-07-16 22:12:58'),(415,95,96,'Necessitatibus illo sunt velit debitis voluptates nemo sunt. Ipsam quia odit aut rerum ut est. Occaecati doloremque inventore quisquam repellendus ad blanditiis.',0,'2021-01-25 00:07:48','2015-05-16 15:55:09'),(416,58,30,'Iste sit amet non error. Consectetur deserunt modi adipisci. Dolor nisi sed sint natus ea nesciunt beatae.',1,'2021-03-17 17:11:17','2011-07-09 00:41:55'),(417,66,28,'Iusto soluta voluptatibus aut consequatur consequatur. Veritatis ratione fugiat quam amet quisquam. Inventore in excepturi sit sed sed et ipsa. Perferendis dolores amet maiores odio earum.',0,'2021-01-09 07:34:31','2007-02-03 14:12:22'),(418,86,53,'Fugit voluptas vel eveniet incidunt quod minus. Voluptatum officia quia vel. Quia voluptatem qui quo est.',1,'2020-08-05 15:01:40','2012-11-20 23:54:18'),(419,21,15,'Voluptatem ut magni atque officia illo sed deleniti. Dolores ad officiis facere voluptas illo. Non ut aspernatur ipsum quo ex eius.',0,'2016-04-22 00:06:30','2001-06-25 01:18:39'),(420,26,97,'Quae rerum atque iure odio soluta. Et doloribus cumque enim laborum officia laudantium ipsum eaque. Magni dolorem corporis officia a occaecati facilis.',1,'2017-03-21 07:41:18','2013-12-12 14:33:52'),(421,93,67,'Natus quia quae eos soluta ex nisi. Rem rerum perspiciatis et velit ut aperiam fugit ratione. Quia et molestias nesciunt eveniet sed.',1,'2001-03-13 12:35:58','2008-08-10 14:56:21'),(422,80,6,'Hic nostrum quo nisi omnis. Perferendis ea et ratione. Aliquid reiciendis qui quam adipisci. Fuga numquam reiciendis enim veritatis qui accusantium facilis.',0,'2019-04-04 02:44:07','2007-04-19 03:50:55'),(423,98,40,'Neque iste numquam cupiditate ipsa. Magnam velit et atque dolorem consequuntur et ab. Fugiat doloremque corporis velit possimus. Ullam vel quo voluptatum rem.',0,'2013-05-01 16:59:08','2013-04-01 18:53:27'),(424,91,9,'Sequi error neque explicabo nemo quia. Sint maxime et et cupiditate eveniet fuga ratione. Est aut distinctio in perferendis vitae.',1,'2008-08-16 14:16:26','2004-09-08 01:35:03'),(425,49,18,'Similique voluptatum expedita natus odit qui voluptas in. Error dolores perspiciatis amet. Nemo culpa odio sunt officia illum repudiandae natus consequatur.',1,'2006-10-09 10:44:48','2013-11-04 13:27:55'),(426,30,44,'Cum hic repudiandae error dolor earum libero ea. Voluptas delectus suscipit aut. Voluptate recusandae dolores vero quia et.',1,'2010-05-09 23:39:14','2018-12-21 20:52:19'),(427,10,15,'Aut corporis natus quam nostrum provident. Quod magnam laborum aut iure et harum quasi. Quia et aut non pariatur voluptatem omnis eum id.',0,'2012-09-21 10:09:14','2002-08-11 05:36:23'),(428,75,5,'Consequatur similique nobis alias numquam facilis cum earum. Delectus neque earum facere alias ad. Et velit ut dolor vel.',1,'2003-04-06 23:04:09','2009-08-10 07:08:59'),(429,86,42,'Et laborum perferendis impedit consequatur aut. Provident nostrum dolor minus culpa. Voluptatum iusto ad facilis officiis praesentium magni enim. Est esse reprehenderit praesentium aut doloribus rem.',0,'2006-09-14 12:20:08','2007-06-29 07:23:35'),(430,78,80,'Esse nesciunt aut eligendi consequuntur ducimus molestiae. Aut nobis maxime rerum voluptatibus aperiam laborum. Est nulla expedita aperiam.',0,'2021-03-31 00:14:40','2002-06-24 04:13:31'),(431,38,35,'Eveniet dolorem voluptatem provident ad enim quo. Eos et quo voluptatum qui reprehenderit est sit harum. Vero rerum vel beatae molestias. Vero cupiditate ex id tenetur et.',1,'2015-10-02 01:24:49','2008-01-25 15:49:28'),(432,9,3,'Libero voluptatem et aperiam fugiat. Nam cumque aliquam a et sequi et delectus eum. Voluptatem cumque nostrum fugit amet quae cum.',0,'2008-01-19 22:37:36','2008-06-08 03:19:49'),(433,62,94,'Aliquam animi ipsam eum. Eius amet doloribus ut sequi est. Fuga exercitationem at facere praesentium debitis laboriosam id. Vel sunt quia magni iusto eum aliquam.',0,'2012-01-27 13:28:35','2011-11-15 12:25:16'),(434,56,83,'Laboriosam est velit doloribus voluptas. Qui ea ut excepturi ut aut minus. Temporibus necessitatibus dolores qui aut sequi labore.',0,'2015-02-11 19:39:57','2012-05-24 05:43:55'),(435,9,81,'Nostrum culpa nulla laudantium sit et. Qui sed blanditiis veritatis eum. Dolores error tenetur officiis possimus et officiis.',0,'2001-02-19 17:51:52','2015-10-21 06:24:25'),(436,79,1,'Non praesentium placeat qui iusto mollitia rem quam. Earum beatae earum tempora amet. Voluptatibus recusandae rerum velit vero unde et totam. Rerum aut repudiandae vel mollitia.',1,'2009-08-21 05:49:12','2002-01-16 02:20:11'),(437,47,59,'Quia dolore autem accusantium pariatur. Error modi voluptatem nobis. Facere sint inventore ex necessitatibus nam fuga.',0,'2008-12-09 22:10:44','2006-01-25 17:11:45'),(438,7,44,'Quisquam minima nesciunt iure sunt itaque voluptatibus sunt est. Quia sunt quidem ea et eaque autem. Maxime dolor totam ab deserunt aut dolorem modi. Quia est dolorum placeat eum minima laborum.',1,'2011-01-08 02:22:11','2002-03-06 08:48:41'),(439,99,97,'Dolor velit quia ullam architecto totam et voluptatum. In consequatur sequi minima ut nisi officia consequuntur nostrum. Est at qui est esse magni animi sed. Ea maiores odio velit est dolor.',0,'2000-01-09 02:19:57','2017-01-24 14:40:38'),(440,53,47,'Ipsam voluptate consequatur asperiores eaque autem. Deleniti eveniet qui et quis in qui veniam.',1,'2002-06-22 04:39:22','2007-12-10 18:51:51'),(441,15,83,'Eum expedita sed voluptatem minus quis. Iure recusandae et et maiores voluptatem qui. Quia laborum voluptas rerum aliquid nemo atque. Hic iure iusto eaque ipsam corrupti.',0,'2000-05-15 02:31:49','2007-02-06 06:20:20'),(442,91,25,'Assumenda sunt ratione iste ipsam sunt. Ducimus ad sit ducimus repellendus et.',0,'2009-09-23 00:08:59','2001-12-19 10:01:37'),(443,97,65,'Harum suscipit qui repudiandae error vero illo quibusdam. Exercitationem rerum et aut vel voluptatem exercitationem. Et perspiciatis consequatur ipsum placeat est et ut.',0,'2012-11-26 12:46:29','2009-03-28 16:26:07'),(444,29,83,'Id ducimus temporibus ut quo unde iste. Rem sunt et distinctio magnam totam soluta.',1,'2012-01-04 02:43:26','2004-08-19 22:10:41'),(445,7,6,'Non laudantium nobis laudantium est dolorum quasi praesentium. Modi eos voluptate molestiae maiores ut. Neque et ea dolores odit aliquid.',1,'2000-01-03 02:47:06','2001-12-26 13:16:25'),(446,62,44,'Id dolor earum magni aperiam aut adipisci fugit reprehenderit. Consequatur ut ut ipsa et sed. Quam ad deleniti voluptas consequuntur quis.',0,'2000-05-19 14:53:08','2016-09-23 15:49:41'),(447,40,71,'Dolores minima inventore dolore aliquid. Neque necessitatibus perspiciatis ad tempora consectetur beatae soluta.',1,'2006-09-12 20:36:51','2010-04-19 10:03:11'),(448,47,2,'Repudiandae aut impedit beatae. Nulla quia est sunt architecto exercitationem expedita hic sequi. In tempore id eum sit ut eos.',0,'2002-03-08 00:46:08','2018-08-13 22:27:40'),(449,64,2,'Voluptatum soluta voluptatibus laudantium nesciunt earum sed. Quo recusandae inventore voluptates commodi non. Consequatur est et quod quia quam.',0,'2011-12-22 13:58:37','2018-10-22 01:47:30'),(450,84,73,'Sunt reprehenderit aut molestias. Blanditiis fuga et architecto assumenda mollitia. Sint illum facere aut itaque necessitatibus quam. Quam dolores quis rem qui.',0,'2008-11-22 17:43:01','2018-05-13 03:49:49'),(451,83,62,'Reprehenderit fugiat cupiditate ipsa est et et. Architecto laborum tempore et est qui exercitationem. Minus explicabo nulla quibusdam quia.',0,'2013-10-07 17:11:00','2017-05-22 12:05:30'),(452,73,30,'Ad possimus nisi accusantium est est officia ut et. Consequatur alias ea vel tempore eos dolorem. Veniam voluptatem tenetur dolorem molestiae odit.',0,'2006-04-21 20:54:00','2010-12-02 17:47:06'),(453,20,80,'Sint quis qui ipsa ut sint. Libero quia possimus voluptas sint repellat sed hic. Veritatis reprehenderit voluptatem ea quo. Voluptatum repudiandae ut eos consectetur aliquam.',1,'2020-03-25 19:10:49','2008-11-20 18:17:29'),(454,74,19,'Illum aut sed et autem. Beatae perferendis autem voluptate eos reprehenderit est rerum. Dolorem ad magnam et eligendi consequatur. Quia aut recusandae sit est et.',1,'2007-09-25 00:55:24','2017-06-29 07:23:46'),(455,76,26,'Nihil culpa sint est nobis eum. Dolore dolore ut repellendus et molestias.',0,'2007-12-26 16:01:23','2016-11-08 13:15:50'),(456,65,91,'Et esse optio esse quod qui. Dolor aut consequatur nihil et. Ea nulla non ipsum quaerat ea est. Laboriosam et vero similique porro eos.',0,'2005-01-28 08:27:16','2004-10-07 00:53:18'),(457,8,55,'Consequuntur in architecto omnis esse enim. Veritatis animi atque cum laborum. Veritatis velit qui animi dolor dolorem. Doloribus praesentium quo qui vel autem pariatur ut.',0,'2006-05-29 09:29:12','2013-06-20 17:03:19'),(458,15,5,'Id exercitationem non blanditiis culpa similique ipsa. Autem quis aliquid sequi exercitationem molestiae. Vero et vitae vel aut ut nulla.',1,'2009-01-29 19:51:54','2000-03-24 11:23:20'),(459,20,43,'Deserunt ea tempore eveniet inventore. Consectetur dolor quia magni cum dolor. Et deleniti accusamus deleniti. Harum rerum commodi reiciendis tenetur culpa minus odit.',1,'2000-06-22 21:25:22','2004-01-23 02:40:00'),(460,87,26,'Nostrum est reprehenderit sunt quo incidunt quaerat. Eveniet illo ea recusandae dolorum laborum in aliquid. Voluptatem sed modi consequuntur explicabo quia quos.',0,'2013-07-05 02:31:23','2010-03-04 10:43:44'),(461,49,49,'Nisi iusto qui voluptas dolorum alias accusamus. Quo doloribus dignissimos inventore illo deserunt fugit. Eaque sit natus minima non id.',1,'2004-12-26 10:41:47','2016-07-13 00:32:53'),(462,70,88,'Officia ut nobis eos vitae aut illum error. Debitis esse ut iure odio voluptate quae qui. Voluptatibus consequatur eos sed autem.',0,'2020-11-14 11:12:03','2017-05-26 10:44:38'),(463,19,17,'Quibusdam quam sed qui ducimus. Quas labore impedit et quasi. Debitis hic aut aut ipsam. Repudiandae ullam ullam quaerat velit.',1,'2011-03-01 00:13:15','2004-08-24 21:13:42'),(464,89,83,'Dignissimos ut ipsa voluptas voluptatem odit quis incidunt. Est aut laborum quisquam officia. Dolores occaecati qui voluptas sit repellat laboriosam laudantium.',0,'2018-08-25 23:20:16','2007-01-27 08:50:08'),(465,18,73,'Molestias totam qui a ratione ea corporis eum. Molestiae nostrum atque dicta fugiat quia ipsa nisi. Totam in amet quod aut.',1,'2000-08-22 07:40:01','2004-08-01 05:29:02'),(466,55,1,'A maxime ea est hic quia suscipit nesciunt eaque. Et suscipit aspernatur quia ut aliquam quia minima. Dolores et ea omnis sunt blanditiis. Rerum vero fugiat libero iusto aut.',0,'2007-11-22 18:27:58','2016-02-15 15:47:46'),(467,34,28,'Unde neque sequi sed debitis perferendis tempore. A voluptate doloribus neque recusandae nostrum. Vel ut sint et voluptatem.',1,'2008-05-01 09:39:22','2009-05-06 02:18:18'),(468,30,54,'Voluptas et nulla vero laudantium et. Optio voluptate ut ut ratione dolorum inventore adipisci. Illum qui porro sit totam expedita. Quo quas laborum repellendus explicabo.',0,'2000-01-31 23:58:48','2012-05-21 18:42:53'),(469,7,3,'Ex quis expedita tenetur consequatur assumenda nostrum. Officia asperiores et unde ut rerum. Quis consectetur et ratione cum aut. Commodi non voluptatem vero quod in sunt dicta.',0,'2010-03-25 20:37:43','2003-12-14 00:40:31'),(470,72,83,'Ullam atque in architecto. Dolores excepturi consequatur aliquid cumque nisi occaecati tempore. Quo aut aut qui iusto error sint. Dolor vero aut est fugit laboriosam dicta vitae.',0,'2014-03-12 11:14:13','2019-07-14 17:15:40'),(471,28,36,'A ad eos qui iure. Harum sit aliquam architecto eos odit. Enim voluptatem excepturi mollitia quis. A eos voluptas non repudiandae dolor.',1,'2011-02-02 16:09:00','2004-01-06 23:18:44'),(472,73,36,'Et velit assumenda et inventore eveniet. Veniam labore molestiae quia. Molestiae at voluptatem asperiores est pariatur numquam ex eaque. Non deleniti officia aspernatur ab officia.',0,'2014-11-06 05:42:32','2019-03-21 19:59:10'),(473,91,87,'Quasi et nostrum quis quaerat. Et ab error pariatur ut quod dolor incidunt. Debitis dolor quibusdam eius ut a quibusdam quia.',0,'2008-05-07 09:21:57','2003-01-08 15:02:23'),(474,40,10,'A fugiat eveniet inventore architecto est minus. Nam assumenda nam aut optio et sed. Dolores omnis saepe autem et corporis.',1,'2018-12-09 03:05:00','2010-04-27 21:21:29'),(475,30,27,'Explicabo ullam tempore voluptate veniam ut iure. Et assumenda perspiciatis molestiae voluptas neque. Incidunt distinctio magnam voluptatem est praesentium vitae. Aut debitis iste sed esse repellat.',0,'2011-06-29 04:25:43','2000-08-22 10:55:19'),(476,36,78,'Corporis ipsam aut ex soluta et. Nihil quaerat sit mollitia asperiores.',0,'2018-12-05 22:45:12','2003-09-19 09:47:22'),(477,75,6,'Voluptas id et natus dolor et aut. Est accusantium necessitatibus fugit. Ut earum molestiae earum enim omnis. Velit dignissimos velit sint omnis cumque sit.',0,'2001-09-10 09:24:40','2017-09-15 21:50:44'),(478,66,93,'Eveniet atque delectus rerum voluptas. Rerum aut odio esse quibusdam sunt dolore architecto. Eveniet at saepe soluta laudantium. Est voluptatum esse esse beatae.',1,'2004-04-30 02:56:00','2011-07-09 22:18:12'),(479,22,54,'Iure tempora perspiciatis nihil iste nesciunt. Consequuntur possimus voluptates dignissimos voluptatibus excepturi modi nihil. Sunt et qui et nisi unde et molestias. Saepe non fugiat enim sit.',1,'2013-08-28 20:31:26','2002-11-18 22:35:14'),(480,75,40,'Blanditiis voluptatem et ut exercitationem fugit aliquid corrupti. Ut non vitae quis autem. Autem possimus et quia qui molestiae.',1,'2007-01-31 12:43:19','2003-11-05 06:15:59'),(481,27,29,'Quos nisi officiis quo voluptatem. Tempora doloremque nihil blanditiis impedit blanditiis sequi qui. Nobis in perferendis eaque recusandae corporis quo.',0,'2008-06-06 01:59:46','2005-12-07 14:47:40'),(482,40,60,'Sed ut quia nemo ex suscipit. Quia suscipit aut exercitationem corrupti voluptatum corporis et. Quibusdam accusamus dicta odit dolorum ipsum. Qui fugiat explicabo ex porro ducimus ipsa.',1,'2018-09-14 10:38:08','2013-08-29 17:17:35'),(483,56,70,'Debitis quam quo sequi explicabo autem hic. Nisi architecto placeat odio qui quibusdam esse ea. Rerum animi voluptatum voluptatem.',1,'2009-11-01 08:45:59','2008-06-30 20:30:30'),(484,14,63,'Expedita est nemo autem harum et. Quam aut autem at non accusamus. Molestiae impedit tempore accusamus ut quisquam qui.',0,'2008-05-09 07:54:57','2016-03-31 06:43:30'),(485,72,85,'Harum libero et autem molestias. Voluptatem velit qui perferendis dolor voluptas quis quibusdam. Id alias ipsum reprehenderit aut. Ipsa dolor voluptatem facilis aut in blanditiis eveniet et.',0,'2019-04-10 06:49:39','2017-06-28 13:53:41'),(486,45,100,'Et reprehenderit repudiandae tenetur dicta vero. Et est voluptatem illo sint impedit nisi consequatur.',0,'2006-06-03 23:13:31','2007-05-16 10:21:35'),(487,21,17,'Odio doloribus itaque et numquam fuga. Quia rerum aliquam in dolores impedit. Aut iusto et cupiditate debitis recusandae laudantium officiis. Quia et quo dolores ducimus quis dicta dolor.',0,'2002-03-20 09:23:17','2006-06-07 13:07:09'),(488,35,12,'Repudiandae reiciendis qui ullam rem eligendi dolor sit. Earum dolores sit odit soluta.\nQuos beatae cumque reprehenderit. Culpa ullam voluptas ea reprehenderit recusandae voluptatum dolore rem.',1,'2018-12-27 20:30:52','2002-12-01 15:58:41'),(489,3,75,'Quae laborum et pariatur quisquam dolorum minima. Et repudiandae repellendus assumenda voluptatem voluptatem deserunt. Et iure debitis quas sapiente.',1,'2003-02-27 11:41:32','2007-11-10 19:51:23'),(490,22,33,'Excepturi culpa ut quis aut dolor laborum molestiae. Unde voluptatem ut ex quis mollitia suscipit est. Quam exercitationem quia architecto qui.',0,'2000-09-30 12:09:51','2012-03-29 23:43:27'),(491,1,57,'Sapiente ex quos quam odit ut aut. Enim est quos qui laudantium. Cupiditate nulla voluptatem voluptas numquam. Necessitatibus veniam corporis minima iure id libero vitae.',1,'2014-02-12 03:06:55','2001-08-26 01:47:51'),(492,10,76,'Excepturi tempora reprehenderit soluta vel. Repellat aliquid blanditiis odit unde. Maxime quia sint quam culpa enim velit. Aut est repudiandae ut et dolor est.',0,'2018-05-03 10:28:20','2000-04-07 09:57:15'),(493,63,75,'Similique reiciendis delectus nobis. Illo blanditiis iure rerum.\nEx praesentium officia delectus illo ullam aut. Sint laborum necessitatibus magnam praesentium rerum. Inventore sit id ex.',0,'2001-01-26 20:36:58','2009-08-13 06:55:21'),(494,68,85,'Assumenda dolorum impedit ab natus sed deserunt iusto. Ut ut modi molestiae consequatur.',0,'2000-11-26 10:12:20','2016-06-07 02:31:17'),(495,29,43,'Iusto quo est ut hic totam natus neque. Architecto repellat perferendis a aut nesciunt repellat voluptatem et. Fugiat laudantium quo quaerat.',1,'2008-04-05 16:23:27','2008-05-26 03:15:56'),(496,25,55,'Sunt natus voluptatem qui ut. Est hic quis repellat vel minima voluptas adipisci. Harum odit ex vero ullam. Non est occaecati cumque consequatur doloribus.',1,'2009-10-02 14:14:44','2019-06-11 07:17:13'),(497,71,65,'Ab sapiente maxime non vel aliquam ab. Et accusamus non sit dolor impedit molestiae. Odio et nisi consectetur.',1,'2016-12-16 13:14:54','2009-03-04 00:49:44'),(498,15,27,'Sapiente tempora ex rem laboriosam. Eligendi sint dolorem et reiciendis rerum. Excepturi velit illum aut ex.',0,'2012-06-19 14:40:24','2002-12-08 14:55:10'),(499,34,28,'Sunt non debitis eos eos saepe aut sunt molestias. Enim earum tempore accusantium asperiores. Quasi ipsum quam non accusantium eos ea.',0,'2007-03-26 06:08:42','2020-02-18 04:51:33'),(500,90,6,'Est occaecati sit quis illo ut. Sit minima porro aspernatur aspernatur sed ea molestiae. Porro error temporibus est culpa dolorem et sint.',0,'2006-12-17 18:06:57','2004-01-15 10:38:28');
/*!40000 ALTER TABLE `messages` ENABLE KEYS */;
UNLOCK TABLES;

--
-- Table structure for table `posts`
--

DROP TABLE IF EXISTS `posts`;
/*!40101 SET @saved_cs_client     = @@character_set_client */;
/*!40101 SET character_set_client = utf8 */;
CREATE TABLE `posts` (
  `id` bigint(20) unsigned NOT NULL AUTO_INCREMENT,
  `user_id` bigint(20) unsigned NOT NULL,
  `txt` text COLLATE utf8mb4_unicode_ci NOT NULL,
  `created_at` datetime DEFAULT current_timestamp(),
  `updated_at` datetime DEFAULT NULL ON UPDATE current_timestamp(),
  PRIMARY KEY (`id`),
  KEY `user_idx` (`user_id`),
  CONSTRAINT `user_posts_fk` FOREIGN KEY (`user_id`) REFERENCES `users` (`id`)
) ENGINE=InnoDB AUTO_INCREMENT=401 DEFAULT CHARSET=utf8mb4 COLLATE=utf8mb4_unicode_ci;
/*!40101 SET character_set_client = @saved_cs_client */;

--
-- Dumping data for table `posts`
--

LOCK TABLES `posts` WRITE;
/*!40000 ALTER TABLE `posts` DISABLE KEYS */;
INSERT INTO `posts` VALUES (1,54,'Ab esse nihil ut voluptatem nesciunt. Ut voluptatum sed odit reiciendis. Voluptatem corrupti voluptas aut sed vitae quasi. Consequatur iusto voluptatem ipsum adipisci animi.','2013-03-08 00:58:54','2012-08-18 14:23:41'),(2,64,'Possimus aliquid eius voluptatem aspernatur cum autem qui totam. Iusto vitae quis nesciunt. Delectus architecto eveniet nobis quidem praesentium sint sed eligendi. Eos sint in fugiat illum vel sequi.','2012-06-07 12:05:34','2008-12-01 17:27:27'),(3,61,'Nobis dolorem id dignissimos nihil rem. Sapiente error officiis nesciunt voluptatibus. Et sequi laborum laborum eum blanditiis neque mollitia nihil.','2017-11-27 08:10:57','2000-03-01 13:15:56'),(4,22,'Dolor quas dignissimos vel dicta quos sit. Fugiat ratione eveniet quia reiciendis quia. Qui quia aut ea ab sit. Iusto similique neque nobis quam officiis mollitia aut.','2006-09-16 15:30:33','2020-08-25 06:30:39'),(5,82,'Vel cupiditate ut ut amet dolore et. Quibusdam assumenda quod ut culpa aliquam nam. Iusto neque quidem iusto sunt distinctio maxime quidem. Debitis quo dolor quia aperiam omnis.','2004-08-25 21:50:01','2003-04-13 08:44:15'),(6,20,'Eos voluptatem consequatur numquam suscipit. Debitis consectetur eum modi quasi voluptatem aut. Nemo maiores id eum molestiae voluptas quas recusandae.','2007-06-16 09:28:44','2001-03-04 22:52:45'),(7,64,'Laborum cupiditate blanditiis enim maiores dignissimos perspiciatis. Vero eius quasi id qui. Libero laboriosam asperiores voluptatem doloribus et deleniti et.','2013-02-19 01:38:46','2018-06-24 11:36:25'),(8,12,'Fugiat expedita odit at dolor. Similique temporibus quia quo voluptatem repudiandae enim ea. Sunt fugit est et nihil aut quisquam.','2016-10-28 17:19:58','2020-02-23 09:49:27'),(9,99,'Non ipsum eveniet dolores sint fuga. Nisi fuga officiis aspernatur quis. Illo in ipsa reprehenderit dolores. Expedita commodi commodi autem quaerat. Saepe quia ipsam atque in quia numquam.','2008-03-28 10:10:03','2010-12-07 09:55:57'),(10,5,'Tempore aut reiciendis dignissimos a nulla. Aliquam est consequuntur odio maxime id sed. Corporis aut in aliquid neque in. Exercitationem veniam expedita odit similique optio earum sed.','2021-01-16 13:55:43','2004-09-08 12:49:34'),(11,9,'Dolorem ut sed occaecati omnis dolorem nam. Animi nisi at harum alias similique dolorum vitae. Minima qui culpa est repudiandae. Autem et pariatur eaque assumenda similique quos.','2014-09-17 23:50:21','2017-10-04 17:18:38'),(12,77,'Cupiditate et amet ab iure voluptatem ut eos. Laudantium ab dicta enim laboriosam. Veniam et perferendis aut vel.','2002-05-23 06:10:14','2013-02-24 07:45:08'),(13,71,'Eius optio similique facere aut aliquid. Magni temporibus ducimus est dicta facilis. Excepturi doloremque suscipit quo soluta consequatur. Odit labore ab esse vitae inventore sed vero.','2002-07-28 23:49:34','2019-03-17 21:23:23'),(14,4,'Dolor eligendi et dolor enim quae. Excepturi quod quo ea. Ut rerum recusandae vel qui corrupti velit fugiat tempora.','2017-05-26 19:28:14','2017-09-25 21:06:28'),(15,27,'Sed distinctio doloribus ea sunt at quos. Velit quia quia voluptas quidem exercitationem est id. Consequatur pariatur enim aut adipisci.','2016-09-27 18:59:07','2015-12-11 06:07:09'),(16,83,'Animi dignissimos velit reprehenderit est incidunt. Enim impedit accusamus quaerat harum voluptas qui. Nam voluptate excepturi deserunt dolorem tenetur autem debitis.','2020-06-06 14:15:04','2018-11-23 16:45:18'),(17,43,'Illum sequi sint tempore odio laboriosam qui quae. Consequatur ipsam nesciunt voluptatibus consectetur earum. Ea praesentium inventore iusto blanditiis cupiditate praesentium delectus.','2000-08-18 03:25:32','2011-12-23 08:23:27'),(18,79,'Quis culpa necessitatibus dolores provident odit voluptatem. Optio sed omnis sunt.','2017-09-11 13:11:46','2012-08-29 04:09:32'),(19,44,'Esse a est ipsam modi beatae placeat. Illo aut distinctio perspiciatis illum. Molestiae quo non corrupti voluptatem dolore cum ut qui. Amet enim nesciunt quia quae totam dolorum consequatur.','2003-01-20 00:39:10','2006-05-19 11:21:34'),(20,91,'Odio fuga tenetur omnis deserunt ea est mollitia. Temporibus necessitatibus atque aspernatur minima. Quia minima sint voluptas nobis. Dolores atque non facilis.','2003-03-01 15:33:05','2008-02-22 21:36:34'),(21,55,'Vel veritatis eum adipisci blanditiis error. Ab ipsum id harum voluptas. Ipsa quis ipsam ipsa recusandae quos illum.','2006-10-10 01:33:21','2012-05-21 20:11:46'),(22,77,'Repellat quos unde quo voluptas sed nesciunt. Quibusdam unde dolorem fuga maxime et. Totam rerum enim maxime similique. Minima illum vel amet aut iusto quo occaecati.','2006-11-24 22:12:47','2020-08-08 12:52:07'),(23,10,'Quos nisi eius tenetur et voluptas rerum corrupti neque. Accusantium voluptatem reprehenderit maiores numquam sed quaerat. Odio velit rerum neque atque recusandae. Eius velit qui quo qui non vel.','2013-05-04 19:31:21','2014-10-26 18:39:09'),(24,83,'Praesentium temporibus ex veniam velit. Ut est sunt expedita qui.\nAssumenda soluta voluptatibus voluptas qui. Molestiae quo nihil cupiditate porro soluta similique. Assumenda hic dolorem tempora ex.','2014-11-19 11:19:21','2004-04-18 20:15:59'),(25,36,'Maiores eligendi enim ad est molestias labore odit. Sunt voluptates deleniti nihil delectus nihil magni earum. Et esse dignissimos temporibus sunt quis.','2017-02-11 00:52:51','2019-06-28 00:30:03'),(26,22,'Labore error est unde quo ipsum ut. Molestiae reprehenderit tenetur quia et sit eaque.','2011-12-26 05:14:31','2006-09-21 03:44:55'),(27,52,'Enim libero est sunt. Doloribus ut adipisci nobis fugit rerum illo. Cum placeat omnis omnis neque nemo ab sint. Magnam rem et dolorem eum laudantium et vitae.','2017-07-24 03:28:14','2013-08-19 23:46:42'),(28,30,'A nihil reprehenderit deleniti distinctio perferendis. Quia sunt nemo repellendus aut enim dolor et. Aut et sequi dolorem natus voluptatum quo ullam.','2008-12-02 01:35:26','2014-09-22 22:36:31'),(29,76,'Qui nam odio qui dolor sit cumque. Enim pariatur aspernatur facilis eius.','2002-02-18 05:26:19','2005-08-21 14:17:29'),(30,48,'Dolorum non quibusdam cupiditate in fugit ut tenetur. Vero saepe sit qui necessitatibus excepturi facere vitae. Similique exercitationem quasi vel neque ab.','2012-06-30 17:08:36','2006-08-16 02:53:46'),(31,27,'Quia nihil natus consectetur ducimus velit eum maxime. Sint ea ad eaque corrupti.','2017-07-17 20:20:24','2019-10-30 07:54:00'),(32,30,'Voluptate necessitatibus sed officia. Id sit eos aut culpa alias. Omnis dicta voluptatem nostrum molestiae. Quisquam exercitationem qui delectus et. Velit eveniet quas in cumque nobis excepturi.','2007-06-22 16:05:26','2014-12-17 18:27:55'),(33,12,'Occaecati doloribus rerum autem qui. Debitis ipsa consequatur amet minima recusandae harum. Ipsum occaecati eos sint neque.','2005-06-01 17:12:44','2018-02-03 10:07:44'),(34,87,'Debitis provident facere iusto ut doloremque. Nemo consectetur ab commodi illo aut aut facere perspiciatis. Animi quia modi fugit vel.','2000-01-02 22:47:13','2000-01-25 12:55:34'),(35,51,'Natus ut nihil aut occaecati in ut corporis. Ab nemo non magnam ipsum. Omnis ipsam voluptatem sapiente possimus quos alias.','2003-10-10 06:03:10','2009-05-08 07:04:50'),(36,93,'Et voluptas velit impedit sequi nulla et qui. Molestiae non quaerat accusamus sit tenetur consequuntur et quaerat. Nisi delectus molestiae velit. Ut velit fugit ut sint.','2001-01-13 20:31:58','2005-12-05 09:39:58'),(37,7,'Id voluptas maiores et voluptas dignissimos blanditiis. Dicta velit a sit veritatis dolor. Eaque esse deserunt voluptas distinctio natus nostrum.','2019-05-10 03:28:01','2012-07-12 19:03:37'),(38,14,'Aliquam a et et in laborum illo. Fugiat est amet consequatur id autem voluptatem quos. Laudantium facere numquam asperiores voluptas voluptatem quia. Ut reiciendis debitis et eius.','2020-02-16 12:32:29','2005-03-07 02:58:20'),(39,4,'Fugit aut exercitationem est exercitationem qui nulla explicabo cupiditate. Animi sit et optio ut illo. Dolorem corrupti eaque qui.','2018-08-18 07:13:05','2018-11-04 14:55:45'),(40,6,'Quia commodi id cum ipsam est inventore. Perspiciatis culpa sed dolorem. Aut at mollitia eveniet. Inventore porro at sequi.','2000-11-18 20:34:59','2002-03-03 23:06:50'),(41,19,'Molestiae maxime eius alias odio quae. Quia repellat sint delectus id ratione dolore. Voluptates velit cum inventore.','2005-01-15 18:50:28','2005-11-26 13:53:28'),(42,12,'Consequatur praesentium nam sapiente qui cum. Et aliquam provident magni non quam qui aliquid. Ex numquam et aut in in soluta fugiat rerum.','2007-12-02 17:19:54','2013-08-08 03:51:34'),(43,82,'Ab officiis quas eius voluptatem et architecto eum. Et recusandae sint suscipit quasi neque in. Iure nam temporibus eius.','2005-09-20 16:06:33','2014-08-23 22:42:21'),(44,90,'Quasi quas illum non ut eaque veritatis. Velit at est et et molestiae. Necessitatibus rerum necessitatibus est quo.\nSapiente et velit voluptas et quaerat sunt. Possimus voluptas quam et eos qui.','2006-08-22 15:59:03','2005-12-22 19:17:29'),(45,16,'Et sed consequatur omnis consectetur quisquam ut repellat. Dolorem aut delectus est assumenda.','2011-11-09 11:18:15','2018-11-25 23:26:40'),(46,9,'Nobis accusantium debitis vitae minus. Est ducimus dolorum et quae.','2012-05-06 05:20:56','2010-07-27 09:45:59'),(47,72,'Fugiat hic unde quia veniam laboriosam occaecati libero eos. Est cum vitae culpa adipisci rerum aut. Vel et et dolorem maiores commodi quasi ipsam.','2014-05-03 18:41:17','2018-09-16 01:46:49'),(48,58,'Dolore debitis occaecati quas et molestiae sint omnis. Non est quam hic repellat. Quae ipsa cupiditate aliquam ipsa non. Consequuntur necessitatibus accusantium recusandae dolores aut itaque.','2013-02-08 23:24:20','2007-05-22 03:10:18'),(49,87,'Sint velit corporis velit qui nihil quibusdam. Illum aperiam et quos. Enim omnis dolore ipsum facere. Consequatur qui corrupti dolores quia.','2017-10-30 04:16:02','2017-08-20 15:28:03'),(50,15,'Quo similique harum facere sed recusandae. Odio nam dolore distinctio eum ut dolores.','2019-10-06 00:46:55','2000-04-01 22:40:27'),(51,48,'Ea vel aut facilis eaque. Aut dolores recusandae reiciendis voluptatibus molestiae aut. Deserunt earum veniam sunt similique. Maiores ex officia amet explicabo.','2005-05-31 02:17:13','2012-10-26 17:00:38'),(52,42,'Impedit modi non sit nemo sit. Repellat aspernatur est earum et eaque beatae. Quaerat ut aliquam illo est. Est doloremque voluptatum explicabo ipsa.','2010-01-29 00:57:59','2010-05-02 22:40:37'),(53,92,'Optio labore eos porro non dolores totam omnis. Est maiores qui quod nihil est enim placeat. Omnis aut maxime et doloribus aliquam et. Temporibus culpa et in non eos.','2018-04-10 19:57:13','2018-12-25 12:39:46'),(54,58,'Vitae vero iusto consectetur omnis voluptas. Porro architecto ut quas. Quasi maxime temporibus vel aut dignissimos consequuntur.','2016-01-23 12:42:59','2008-11-02 14:16:50'),(55,24,'Qui accusantium voluptatem et ratione quia. Praesentium porro amet rem aut voluptate. Pariatur molestiae dolorem tenetur soluta nihil temporibus ducimus.','2018-06-29 15:13:05','2008-07-01 13:00:33'),(56,28,'A aut et sed perferendis. Quidem rerum vero deserunt voluptas facere aut.','2010-08-03 18:25:14','2003-10-07 17:19:56'),(57,79,'Est recusandae aspernatur molestias et voluptatem voluptate nesciunt velit. Aut ipsum facilis quis dolores aut tempore voluptas. Suscipit consequuntur nisi nobis qui nisi voluptatem.','2011-07-21 18:14:20','2020-09-05 04:07:25'),(58,76,'Nobis dolor esse ut excepturi blanditiis velit. Totam voluptatem id in ratione. Modi officiis aut quisquam rem voluptatum sunt. Amet eaque natus praesentium soluta.','2005-12-30 22:36:17','2011-12-04 20:19:57'),(59,58,'Quia maxime incidunt consequatur nihil aspernatur ut. Quia est porro facere delectus. Ad enim est sed maxime possimus.','2007-01-31 21:03:58','2018-08-17 23:37:34'),(60,55,'Sit aut qui aliquid laudantium aut. Occaecati voluptate modi odit dolore. Molestias quae nobis exercitationem cupiditate unde.','2016-10-21 21:22:55','2009-09-01 23:55:51'),(61,23,'Blanditiis ut distinctio earum sed a. Cupiditate molestiae at asperiores. Officia error et cum provident ea numquam libero.','2006-03-25 19:43:05','2000-01-20 08:25:34'),(62,84,'Quisquam quisquam nulla ut odit ut sit aut iusto. Quas occaecati unde doloribus. Ut ea fugiat eum.','2008-09-10 21:00:29','2013-11-10 21:12:33'),(63,84,'Ratione ut tenetur vero nam aspernatur nobis et. Eos omnis dolor quod dolores animi magni voluptatibus.','2006-03-17 04:02:43','2001-09-03 11:57:42'),(64,34,'Ullam qui rerum optio sapiente. Odio pariatur et quos quasi aliquid deleniti.','2000-12-23 08:02:01','2017-10-05 20:30:21'),(65,71,'Vel enim illo ut totam ab unde distinctio. Et et in ex molestiae. Laboriosam quasi animi et explicabo et tempore.','2003-11-07 14:47:17','2006-05-31 19:49:19'),(66,34,'Aut saepe est quia. Quis ipsum vero harum ea placeat. Iure tempore quos eveniet eaque eius ex.','2015-09-24 04:56:27','2013-08-29 11:48:15'),(67,27,'Officia omnis nihil alias omnis libero. Blanditiis non animi quaerat nihil reprehenderit voluptatum. Incidunt optio molestiae ut esse ratione impedit.','2020-04-05 14:34:15','2007-07-03 11:37:16'),(68,77,'Esse sunt distinctio voluptatibus numquam quasi est in. Voluptas facilis quia corrupti. Harum pariatur magnam nihil asperiores repudiandae.','2017-08-23 14:12:13','2020-07-02 17:56:22'),(69,47,'Quae repellendus provident dolorem doloribus vel iure. Et voluptatem velit quia vel dolorum aliquam. Qui et optio ad dolores.','2004-10-03 05:22:09','2008-01-21 09:23:46'),(70,31,'Eveniet expedita modi sit inventore animi quas perspiciatis. Possimus ducimus vel ea harum consequuntur blanditiis. Aut quis molestias neque enim.','2016-11-25 09:57:33','2002-06-06 04:21:02'),(71,82,'Autem saepe sit sapiente impedit itaque in. Nihil magnam doloribus praesentium recusandae. Illo impedit aliquid ratione sed officia.','2017-08-01 12:33:48','2008-07-14 14:16:46'),(72,66,'Laborum omnis eos maxime dicta non omnis porro ullam. Recusandae omnis nemo et dolores occaecati dolores. Qui voluptatem et quo dicta voluptas ullam vel sapiente.','2002-09-04 03:39:42','2012-05-23 09:36:59'),(73,42,'Enim impedit sit aliquid quia. Deleniti quidem quam quo porro. Architecto tenetur labore eum debitis sit quia.','2002-08-20 11:52:44','2020-09-08 10:22:49'),(74,64,'Ipsam nostrum quas voluptates alias voluptate dolores corporis. Fugit fugiat ipsam non in. Sit autem vero est nemo repudiandae iste. Aut deserunt et ducimus.','2007-11-28 20:07:11','2020-05-19 16:56:35'),(75,55,'Quam odit nulla ipsa nulla adipisci possimus. Velit et molestiae tempore ut eius sequi. Cum sint deleniti quidem.','2017-09-12 16:54:46','2015-08-21 14:11:15'),(76,58,'Consequatur sunt officia eaque nam sit ea maiores. Nobis dolore ut aliquam voluptatum. Eligendi dicta voluptas harum aut. Aliquid sint perferendis sequi.','2009-01-09 16:44:33','2000-02-11 02:29:03'),(77,72,'Porro laborum eius dolorem a totam quaerat ut non. Consequatur aliquam in hic. Ab architecto autem illum est.','2013-05-24 06:36:21','2011-08-15 10:32:22'),(78,27,'Perferendis qui suscipit laudantium autem harum. Quo animi similique deleniti molestias laboriosam veniam nisi voluptatem. Id sed facere id molestiae.','2014-12-11 15:49:40','2004-04-10 18:02:27'),(79,15,'Alias molestias pariatur nemo at laudantium. Atque inventore quidem atque voluptas quia autem. Deleniti fugiat et id. Rerum qui omnis qui quidem.','2015-04-26 18:52:10','2008-05-22 20:38:19'),(80,59,'Magni dolore sit fugit dolores. Culpa laboriosam ea non impedit ullam corporis nostrum ex. Quo tenetur delectus nesciunt qui cupiditate sapiente quo alias.','2007-12-31 10:08:13','2008-09-24 21:24:52'),(81,41,'Quia perspiciatis ab non nostrum autem ex quae. Necessitatibus ut tenetur fugit aut. Quo voluptatum earum ea dolores soluta in. Laborum temporibus placeat in vel.','2003-12-06 20:36:14','2002-03-15 08:54:30'),(82,63,'Consequatur et et labore dolorem omnis accusantium aut. Necessitatibus eos amet quae est. Aliquid tenetur alias temporibus reiciendis est quam. Et quae dolorem fugit non.','2007-11-19 00:30:28','2016-07-12 06:43:07'),(83,100,'Dolor voluptatem ut perspiciatis voluptas aut perferendis impedit nobis. Magnam autem enim dolor doloribus hic. A eos ut laborum quo sunt.','2008-05-27 22:27:00','2018-12-02 13:05:51'),(84,33,'Aut id voluptas quo omnis exercitationem neque. Ut dolores voluptatibus nihil sint voluptas. Est aut voluptas in repellat ipsam voluptas praesentium.','2014-05-11 05:54:06','2017-09-07 06:30:21'),(85,20,'Dignissimos expedita vitae ut eius nam. Et sunt consequatur eos quia. Neque a omnis itaque ut.','2004-11-24 11:18:16','2007-05-08 13:55:50'),(86,24,'Vero provident ea nihil. Aut vel nostrum nisi placeat nihil explicabo totam. Natus est vitae iure voluptatem quia.','2019-10-18 16:43:33','2007-08-11 17:07:37'),(87,61,'Corrupti voluptas quia sit in. Dicta rerum consectetur inventore a nihil eum non. Eum error beatae mollitia similique a enim accusamus sequi.','2018-07-24 11:09:38','2005-03-03 16:23:20'),(88,99,'Voluptatem iusto illo et sapiente. Quaerat corporis rem non. Voluptatum placeat sint ullam sed similique veniam. Incidunt dignissimos consectetur odit soluta cupiditate exercitationem.','2018-12-29 17:48:42','2009-07-22 15:45:26'),(89,99,'Labore et sunt hic aut. Repellendus et libero eum assumenda officiis autem aliquam.','2000-08-29 00:45:13','2002-06-09 09:28:36'),(90,18,'Est dolorem laudantium quia omnis repellendus assumenda sapiente est. Aspernatur voluptas quidem et. Tempora eos itaque iusto tempore ut quasi quia minus. Maiores et aut sed sint quas ut.','2005-10-18 18:18:52','2003-01-12 01:06:43'),(91,53,'Odio delectus aut at nulla. Neque aliquam inventore eius incidunt aut nam autem. Nihil voluptas accusantium est. Animi sit voluptas necessitatibus excepturi labore voluptate harum.','2015-05-01 16:32:29','2006-12-08 05:23:07'),(92,22,'Inventore voluptate possimus assumenda totam consequatur ullam. Rerum quisquam amet nostrum veritatis consequatur et. Provident deleniti ipsa ea sunt sed.','2009-05-21 01:00:21','2012-01-11 04:37:43'),(93,1,'Possimus optio rem quos dolores facere et quibusdam. Accusantium minima consequatur et laboriosam.\nAt tempora est qui dicta at aut tempore. Libero doloremque et qui sequi quidem.','2008-09-09 22:30:18','2020-07-17 07:58:56'),(94,36,'Animi quibusdam voluptates ut asperiores quod nihil est. Ea explicabo nostrum enim non laborum.','2004-08-01 08:10:49','2017-10-17 07:14:37'),(95,56,'Molestiae ipsam rerum iure quaerat error sit. Qui ut omnis error soluta qui dolores.','2016-06-16 12:10:07','2017-06-20 04:51:58'),(96,71,'Inventore consequatur dicta unde. Consequatur consectetur dignissimos a corrupti atque. Reprehenderit ipsa voluptatem officiis.','2019-01-07 16:10:10','2001-01-27 15:28:38'),(97,69,'Eos optio est nam suscipit aut. Est eos harum maxime occaecati at placeat optio. Voluptatum labore quo dicta.','2014-02-07 20:35:46','2009-11-05 20:11:31'),(98,82,'Veritatis aut dolorum veniam minima quae quibusdam velit. Veniam accusamus reprehenderit et enim culpa. Iure fuga non totam ad.','2008-01-07 12:06:14','2013-06-19 11:35:36'),(99,48,'Sed quos cum omnis quis. Aut unde reiciendis magnam omnis. Amet magnam numquam alias.','2010-04-04 18:22:00','2002-09-12 21:42:29'),(100,16,'Et ex placeat est accusantium quasi itaque. Quia at reprehenderit doloremque velit minus sequi qui. Asperiores maiores animi adipisci quae nisi.','2011-06-19 05:57:49','2014-10-11 14:41:41'),(101,12,'In voluptate neque et dolor voluptatem non libero. Alias ad et ipsa ut animi blanditiis. Impedit debitis perspiciatis impedit ea.','2007-06-13 06:08:25','2018-08-19 01:33:33'),(102,30,'Magnam saepe assumenda vero qui. In amet nobis doloremque sunt quia quibusdam. Facere optio iure adipisci repudiandae maiores neque.','2019-01-08 14:40:42','2019-03-14 16:00:01'),(103,82,'Possimus inventore et est voluptatibus. Molestiae praesentium rerum placeat quas iusto nisi ut. Est commodi tenetur sit velit inventore rem vero porro. Nulla facilis aut est autem id praesentium.','2006-11-16 02:08:46','2006-07-15 12:10:02'),(104,54,'Et eos ea explicabo ut. Qui incidunt in numquam sapiente quo quis voluptatibus est. Consectetur sit est nulla exercitationem libero. Quibusdam enim natus et aut doloremque consequatur.','2017-05-23 17:59:29','2000-06-04 18:39:52'),(105,93,'Illo sapiente error qui ad et temporibus illum. Dolorem neque exercitationem nemo tempora corporis cumque quas. Et sint qui distinctio et ea ut voluptas. Mollitia quae officia nihil voluptas.','2008-06-06 20:09:22','2015-03-15 11:41:17'),(106,36,'Culpa odit est odit autem. Iure maiores a illum amet aliquam tempora repellendus sapiente. Ea qui sequi totam labore nihil eos.','2000-04-18 09:07:49','2013-12-10 04:52:21'),(107,11,'Impedit repellendus sunt quia. Similique unde sunt cumque vitae. Et ipsa mollitia alias quia autem recusandae.','2015-08-06 09:30:58','2010-11-18 18:57:13'),(108,64,'Pariatur sunt quia a molestiae expedita cum est. Velit fuga incidunt atque iste rerum et autem dignissimos. Qui consequatur molestiae laborum. Nulla quia necessitatibus impedit qui.','2015-10-08 06:17:37','2003-06-18 12:55:36'),(109,62,'Dolorem sit beatae assumenda. Blanditiis facere sequi et sint quia id blanditiis. Molestias sed doloribus voluptas omnis modi atque. Rem ipsa numquam velit doloribus et pariatur nihil.','2018-03-04 01:58:54','2018-01-13 22:42:32'),(110,26,'Beatae eos placeat quia sunt nihil architecto. Nesciunt blanditiis sequi eum nesciunt rem perferendis. Odit est vel magnam nobis molestiae incidunt. Deleniti quia a dolores eveniet fugiat.','2002-07-05 08:21:58','2011-04-27 16:14:20'),(111,23,'Eum consequuntur iusto ut eius ut. Rem fugit quia beatae omnis molestiae. Voluptas ut similique laboriosam molestias sit quisquam inventore.','2010-11-19 02:13:57','2016-02-11 00:23:36'),(112,3,'Dignissimos quidem maxime qui alias tempora. Inventore et atque tempora dolorem mollitia dolor. Neque consectetur rem labore laudantium ea saepe dolore. Quod quaerat vel alias ipsum.','2016-10-13 05:56:35','2011-01-29 13:30:27'),(113,89,'Dolorem possimus incidunt officia itaque excepturi. Provident similique dolores sit accusantium vel rem.','2019-10-21 21:06:56','2014-11-13 19:39:25'),(114,23,'Veniam sit facere aspernatur sit hic magnam. Ea qui qui est dolorem similique. Magni nostrum eligendi qui facilis adipisci aut totam. Ipsum debitis molestiae molestias dolore aperiam dolorem ipsum.','2015-05-13 08:39:30','2000-11-12 17:11:21'),(115,36,'Necessitatibus voluptatem molestias cupiditate enim sint. Explicabo optio natus blanditiis inventore eum dolorem. Sunt dolores ut qui rem quo. Consectetur ex dolores aut quibusdam quidem voluptatem.','2005-11-22 22:52:26','2019-04-06 12:44:29'),(116,9,'Esse dolore asperiores vitae fugit fuga consequatur ex. Illo mollitia dolorem necessitatibus sint. Architecto quam laudantium aut ex est ea.','2007-02-26 01:15:55','2008-12-14 10:33:54'),(117,46,'Id aliquid cumque sapiente porro eveniet. Dolorem veniam atque saepe in consequatur nesciunt. Dignissimos eaque quibusdam ullam vel explicabo.','2021-01-25 19:11:57','2009-04-10 15:18:30'),(118,96,'Facilis et autem libero voluptatem. Omnis rerum vel consequatur distinctio et et ea. Soluta qui exercitationem eos voluptatem dolore.','2010-01-20 06:14:38','2002-12-14 17:22:46'),(119,7,'Quis amet doloremque delectus libero aut nesciunt. Alias suscipit incidunt sequi ipsa. Et deleniti modi facere porro.','2010-05-22 14:07:09','2010-01-11 21:45:30'),(120,45,'Labore aperiam iusto consequatur architecto aperiam sed beatae. Sint suscipit sit hic ea. Rerum tempore aut cum voluptas. Aliquam aut esse ea.','2016-05-01 17:44:02','2001-01-12 04:36:59'),(121,13,'Repellat architecto animi veniam natus at officiis voluptates. Autem reiciendis quo dolore perspiciatis commodi consequuntur. Sunt sit qui ad vel et.','2015-10-26 12:50:22','2019-08-06 01:52:07'),(122,59,'Assumenda quisquam qui eligendi voluptatem sunt veniam autem. Nemo voluptatem sit ad id aspernatur.','2011-11-11 10:28:10','2013-12-11 16:25:12'),(123,67,'Consequatur enim nesciunt fugit voluptate. Omnis beatae cumque cumque eos. Voluptas maxime placeat est voluptatem. Cum nihil veniam repellat vel veritatis molestiae deleniti.','2018-05-26 03:26:57','2000-06-16 11:24:08'),(124,14,'Assumenda est voluptas ullam blanditiis. Mollitia rem qui nostrum voluptas. Reiciendis nam consequatur eum mollitia ut ipsam.','2000-04-18 19:37:42','2016-10-15 02:30:09'),(125,95,'Omnis molestiae laborum vel. Et occaecati sapiente et. Odio vel est numquam aperiam autem est.','2017-03-21 22:54:05','2007-05-10 23:18:54'),(126,22,'Libero dolor dignissimos quia ipsum non. Consequatur non unde impedit molestiae. Quo ab quia ducimus ipsam consequatur iure. Non nostrum impedit eos culpa architecto dolor odit.','2020-11-22 13:44:13','2013-02-09 11:05:41'),(127,85,'Et mollitia non vel ut sequi. Voluptate alias esse praesentium laudantium provident rem quae aspernatur. Numquam est totam eos earum vel non iste.','2012-04-11 19:59:52','2008-08-09 20:29:54'),(128,63,'Laboriosam qui ducimus earum quam. Voluptas sapiente error reprehenderit culpa. Ea placeat exercitationem aliquid et quod vitae dolorum.','2007-07-25 17:24:07','2003-08-17 00:52:17'),(129,4,'Amet voluptatem dolor quibusdam in et. Deleniti inventore vel omnis molestiae. Recusandae modi cumque veniam non ipsam. Dignissimos delectus vel atque.','2004-06-26 11:31:14','2012-02-10 22:27:15'),(130,32,'Quod aperiam quibusdam repellendus itaque nulla. Error recusandae ut molestiae. Rem non velit illo qui.','2017-01-07 14:37:30','2013-12-21 14:35:20'),(131,79,'Harum est et officia eum ex et deserunt. Numquam enim et sed recusandae maiores sunt. Ex tenetur et veniam nulla ut.\nArchitecto omnis cum et magnam. Nemo sit sit expedita rem vero ab.','2007-09-25 19:38:20','2017-10-17 06:50:12'),(132,16,'Libero sint pariatur rem assumenda provident consequatur et. Aut quae qui quo voluptate laudantium error. Similique eum deleniti sed eligendi.','2006-10-26 00:52:03','2006-11-13 10:05:59'),(133,61,'Autem aut quod corrupti consequatur esse. Qui aut accusantium cum quia molestiae dolor unde. Consequatur aut perferendis iure aspernatur quis odit.','2020-09-25 12:15:55','2009-02-06 03:59:37'),(134,60,'Beatae alias eligendi maiores culpa. Sed nihil deleniti nihil nisi.','2007-02-02 16:10:01','2011-06-09 22:54:39'),(135,70,'Voluptas veniam quos nesciunt itaque natus. Similique rerum ut qui illum. Optio nesciunt qui laudantium.','2004-12-15 10:31:53','2000-04-12 08:01:07'),(136,54,'Veritatis eveniet quod recusandae porro ut sed et error. Animi perferendis officia atque. Quaerat laudantium aut voluptas. Tempora officia sit voluptas iste.','2011-06-04 09:27:53','2006-03-25 16:55:56'),(137,96,'Tempora consequuntur recusandae omnis quod. Enim optio voluptates eius laudantium et repellat qui optio. Est animi qui amet dolorem ratione. Sit omnis necessitatibus eos totam.','2011-10-26 12:38:48','2020-04-27 04:02:10'),(138,81,'Praesentium qui magni rerum voluptatibus voluptatum optio. Atque nihil autem eos inventore dolorem autem maiores. Adipisci voluptatem cum distinctio minima molestias.','2020-09-02 22:48:34','2009-12-08 21:30:53'),(139,18,'Quae eveniet minus culpa modi sit excepturi quia. Asperiores velit ipsum hic fuga quasi totam. Hic aliquam mollitia numquam quae animi numquam non. Vel sint ea nemo exercitationem velit velit.','2020-03-09 12:02:57','2007-04-15 01:07:15'),(140,58,'Suscipit nesciunt aliquam iste laudantium aut. Dolor neque quos maxime vel culpa aut et. Neque autem ex voluptatem iusto optio molestiae possimus.','2014-06-25 11:59:19','2009-02-13 22:07:41'),(141,6,'Et modi consectetur ducimus. Et iure animi aspernatur necessitatibus culpa molestiae. Consequatur vel et fuga error accusamus qui vel.','2009-10-06 02:11:51','2005-10-07 20:58:01'),(142,40,'Tempore occaecati omnis cupiditate. Similique ex sequi sunt commodi at. Inventore nisi sint et quisquam laudantium.','2009-01-19 15:02:25','2020-02-08 09:38:49'),(143,61,'Ullam ea necessitatibus asperiores laboriosam sunt dolores ab. Ab cumque quaerat numquam qui et enim. Maxime non illo delectus aut. Laudantium et eum et qui consequatur dolor similique.','2006-03-16 08:29:11','2007-06-14 11:03:14'),(144,95,'Earum earum officiis est fugit facere nisi aut. Deleniti id qui ipsum aut iste qui porro recusandae. Voluptas vitae nihil recusandae qui commodi expedita et minus. Delectus voluptates placeat non et.','2009-06-18 14:22:04','2007-10-05 06:08:15'),(145,62,'Dignissimos deleniti a consectetur fugiat vel hic sit labore. Deserunt qui illum beatae est. Sed rerum et ex architecto.','2007-09-29 03:10:24','2009-11-24 19:46:35'),(146,96,'Temporibus atque quia ipsa sit et. Amet rerum quidem odit repudiandae voluptates. Corrupti cum quia dolorum est.','2000-01-28 09:40:08','2003-01-31 15:39:58'),(147,3,'Et aut eos amet architecto id non. Magnam similique nobis accusamus distinctio voluptate neque. Eius doloremque ut non qui quia sed. Dolore quidem aut alias harum ea cupiditate nulla beatae.','2002-01-01 08:11:38','2005-06-30 05:47:54'),(148,8,'Eos sed harum blanditiis non et nihil minima delectus. Minus ipsam et eaque recusandae et sapiente veniam. Modi illum est cumque iure. Cumque voluptatem aliquam et est.','2001-12-12 17:17:58','2003-05-01 04:35:00'),(149,92,'Nobis ea non voluptates omnis. Dignissimos facere quo nisi quia in.','2007-07-11 07:17:55','2000-08-10 19:56:54'),(150,9,'Et repellat quo officia nihil suscipit non. Fugiat aperiam ullam explicabo neque deserunt enim aut debitis. Et accusantium et veniam aliquid dolorem exercitationem.','2003-03-10 16:58:31','2005-06-21 23:56:19'),(151,52,'Dolorem dolores quidem labore aut exercitationem quis numquam. Aliquid hic autem aliquid ut est rerum autem.','2013-01-18 20:24:58','2002-09-11 12:30:37'),(152,5,'Nulla fuga distinctio minus quia. Omnis explicabo totam eius reprehenderit quibusdam eaque. Qui sed quis iure.','2000-12-06 17:52:16','2007-11-13 08:59:36'),(153,67,'Sit exercitationem quis cumque vitae quas enim. Quos id ea ut facilis eum porro. Numquam ipsum nobis dolorem est voluptatum asperiores.','2020-01-05 12:19:09','2016-12-31 13:31:35'),(154,19,'Similique fugiat omnis blanditiis voluptate alias accusantium. Nemo nam ratione dolor libero. Laboriosam qui natus et et corrupti. Libero dolorem assumenda dolores.','2010-08-15 14:25:45','2007-07-27 14:24:50'),(155,18,'Veniam illum nulla et tenetur. Aut atque ullam maiores inventore cupiditate ut mollitia. Ipsa voluptatem sunt itaque et voluptates.','2012-02-03 17:11:57','2002-01-01 07:14:11'),(156,62,'Quia voluptatem iure necessitatibus perspiciatis. Quis temporibus est in molestiae tempore quasi ab qui. Itaque dolorum repudiandae nemo aliquid voluptas. Mollitia impedit optio fugit a facilis.','2011-08-19 03:40:19','2003-03-02 14:25:30'),(157,40,'Id officiis quia corporis distinctio placeat. Ut enim numquam delectus officia illum quos velit voluptatum. Quae sit optio sint autem est quos aut. Fugit omnis beatae ut veritatis non.','2000-09-22 11:39:47','2015-09-23 09:23:04'),(158,3,'Sint rem facilis aliquam dolore dicta ex. Sit aut voluptates a vitae sunt.','2002-05-28 17:10:16','2003-05-30 19:16:45'),(159,24,'Rerum fugiat minima et soluta quod earum odit aut. Ex sequi saepe ullam dignissimos natus mollitia animi. Deleniti molestiae molestiae et sit.','2005-08-17 21:53:29','2002-02-09 12:25:43'),(160,44,'Perspiciatis atque voluptas qui voluptatum accusantium. Nam odit dignissimos laboriosam enim quas et. Quaerat modi ea quas est qui quidem.','2013-05-28 02:26:10','2007-10-24 19:51:07'),(161,35,'Provident sequi excepturi soluta dolores. Qui eum natus ab mollitia nesciunt vero similique. Eos assumenda eum repudiandae porro culpa. Ut id inventore aut tenetur nulla.','2004-09-13 20:58:05','2006-06-26 21:44:25'),(162,3,'Qui quo et quo beatae iste rerum velit. Quae voluptatem optio qui praesentium voluptatem enim amet. Quasi facilis nemo et libero facilis temporibus. Ea molestiae ex dolor veritatis.','2015-08-20 06:40:15','2005-11-29 15:10:30'),(163,60,'Possimus expedita quia quia. Quia sit rem blanditiis aperiam id. Corrupti itaque est possimus tenetur ut.','2021-04-04 15:38:33','2015-09-18 13:44:19'),(164,95,'Aut nulla accusamus illum distinctio aut et. Unde unde eveniet similique. Consectetur fuga explicabo possimus sint dignissimos nisi dolor.','2002-05-18 07:13:39','2010-01-04 05:36:02'),(165,63,'Soluta repudiandae necessitatibus voluptatibus id. Architecto maxime nemo voluptas architecto. Sed alias ab vel et et. Dolores inventore est harum dolores perferendis recusandae rem.','2002-04-08 09:52:08','2016-07-12 00:57:45'),(166,29,'Eligendi repudiandae aut ducimus ut exercitationem occaecati. Dolor asperiores eos dolore et minima dolorem. Laboriosam placeat earum non ipsum suscipit. Earum at ab quae libero possimus cupiditate.','2007-04-03 11:43:06','2000-12-02 09:29:01'),(167,49,'Sint ut laboriosam sunt quaerat deleniti. Quidem nihil non eum in dolores. Dolorem harum esse nostrum molestiae. Velit aut consequuntur et amet minima voluptatum.','2003-05-02 18:47:11','2007-03-04 15:19:07'),(168,59,'Molestias cumque molestiae fuga quasi. Minus sunt ut quibusdam quos voluptas voluptas possimus. Omnis rem ut qui fugit. Quis eos iusto reiciendis eaque dicta.','2019-09-15 09:02:19','2019-08-26 10:08:00'),(169,9,'Dolor et sunt et consectetur repudiandae. Blanditiis sunt ipsa qui non explicabo. Expedita dignissimos pariatur unde odit eaque sunt. Ea distinctio eveniet sed est magni.','2009-01-14 05:39:29','2020-07-29 16:05:41'),(170,66,'Quaerat voluptatem dolorum harum veritatis. Laudantium cum quos ea similique.','2006-04-18 19:41:34','2012-07-06 10:41:39'),(171,17,'Incidunt aliquam ea iure eveniet eligendi quia est. Velit itaque dolores cupiditate nemo.','2021-02-04 01:03:58','2019-03-31 21:32:38'),(172,15,'Odio dolorem rerum provident aut sed. Modi quia vitae rerum ut voluptate fugiat enim ullam. Magnam tempora ullam ut.','2004-03-13 23:53:19','2014-01-05 07:02:51'),(173,6,'Ut maxime assumenda deserunt nobis accusamus voluptate. Dolorem sed voluptates nam hic error. Et sint sit quia impedit. Quae in numquam ducimus qui sunt.','2010-12-05 18:27:32','2008-04-16 10:04:30'),(174,77,'Reprehenderit molestiae dolor rerum qui voluptates voluptatum esse. Beatae debitis quia atque ipsa. Est ad corporis debitis velit qui. Vel atque aut ea ex nulla. Quae quod ab earum hic vel.','2000-05-18 09:54:45','2001-02-24 23:41:43'),(175,9,'Quis qui nisi aut veritatis commodi debitis harum. Molestiae magni quod delectus quas rerum consequatur. Veniam et non omnis vel labore consequuntur.','2010-09-29 16:05:10','2017-08-26 00:52:10'),(176,67,'Repellendus suscipit voluptas sed aut soluta porro. Similique quam ducimus fuga et. Nemo officia autem possimus aut ut.','2014-04-14 01:06:11','2002-01-06 21:45:29'),(177,72,'Atque officiis quis non sit suscipit. Sit vel et non tempore possimus quo architecto eos. Vel laborum excepturi modi deserunt est.','2008-12-15 10:46:12','2002-09-06 19:06:32'),(178,11,'Dolorem quaerat repellat sit molestias. Dolores maiores porro qui voluptatum. Quia et necessitatibus soluta tempora blanditiis est consequatur quo.','2017-06-12 23:54:12','2010-06-08 01:00:54'),(179,75,'Eveniet perspiciatis veritatis magnam blanditiis. Cupiditate repudiandae et et dolor. Perferendis voluptatem atque praesentium quis dignissimos et et.','2016-08-16 01:17:11','2010-03-14 13:24:49'),(180,63,'Magnam dolore totam sunt exercitationem cumque. Rem quod rerum eum velit.','2005-05-08 05:50:22','2017-07-05 16:59:17'),(181,20,'Aliquid dolor ut perspiciatis facilis. Id perspiciatis aperiam eum ut. Impedit in illum animi inventore non quisquam.','2014-10-27 11:51:35','2011-01-05 00:46:51'),(182,27,'Et molestiae porro exercitationem necessitatibus necessitatibus voluptas recusandae. Non sit nulla iure fugit ipsa nihil. Et laudantium animi odit minus.','2012-09-22 12:29:12','2007-07-28 19:37:13'),(183,68,'Dolore quas non sunt voluptatem nihil in. Maiores quisquam ipsum nisi. Voluptas similique alias laborum occaecati ea. Ex autem excepturi et vitae id.','2009-06-11 23:48:32','2004-08-27 05:49:25'),(184,87,'Distinctio voluptatem praesentium maiores illo incidunt quas est. Ex magnam tempore quia beatae rem. Modi dolorem quo et quis magni nihil nemo. Quod rerum incidunt tenetur dolorem accusantium.','2013-10-20 06:46:39','2009-10-18 08:10:17'),(185,45,'Et vel sed vero. Dolores numquam consequatur beatae. Occaecati suscipit ut dolor ut. Debitis provident culpa omnis quaerat.','2002-01-22 02:01:53','2013-09-03 15:26:07'),(186,85,'Et voluptatem atque aut beatae. Est dignissimos exercitationem aspernatur molestias ab et suscipit. Numquam sunt enim veniam quia qui molestiae qui laboriosam. Quo suscipit minus molestiae quis nam.','2006-07-30 03:56:19','2005-08-23 06:18:04'),(187,48,'Laudantium iure consequatur dolores qui. Et temporibus excepturi sapiente voluptatem ea eum. Iusto culpa sed consequatur tenetur. Soluta rem veniam distinctio tenetur.','2001-08-07 04:33:12','2000-02-03 04:06:32'),(188,85,'Itaque quisquam maxime aspernatur facilis ex earum nostrum. Facilis ex numquam voluptas. Laborum et officiis sit dolorem tempora labore velit dolorum. Non est id quaerat ex.','2014-06-29 23:36:19','2007-02-10 08:10:10'),(189,88,'Molestiae maiores aliquid ullam nihil. Omnis consequatur omnis aut aut dolorem odit.','2007-06-29 11:06:54','2012-04-13 02:46:03'),(190,72,'Fugiat veniam qui perspiciatis enim saepe aliquid. Ipsam error consequatur veniam ut beatae officiis velit magni. Error aliquam voluptas nulla non corporis omnis veniam.','2013-07-24 06:59:25','2000-10-09 03:36:44'),(191,28,'Voluptas veritatis saepe est aliquam maxime commodi. Consectetur inventore at ut quidem ullam. Non eum labore magni qui. Labore nulla qui quos sint velit.','2001-05-25 16:40:48','2014-08-31 01:18:27'),(192,22,'Dolorem alias ut esse ut accusamus quae aliquid. Aut ut qui ad nisi quis aspernatur ea voluptas. Incidunt voluptates quo et natus praesentium. Aut incidunt saepe cum.','2005-02-23 03:05:00','2000-07-18 03:51:50'),(193,74,'A repudiandae et nesciunt molestiae. Eveniet delectus voluptatem quisquam. Itaque assumenda nesciunt sunt provident. Aut sed perferendis adipisci dolor minus facilis non.','2009-12-08 06:46:52','2018-03-29 07:54:31'),(194,88,'Quis natus tempora quam. Temporibus maxime in optio et. Qui aut ut recusandae nam. Est et sit nulla qui quae et ullam. Quisquam et harum omnis dolores tempore illum accusamus.','2008-11-02 08:37:50','2003-12-19 21:50:30'),(195,17,'Libero aut nam libero sint consequatur aliquam cumque eum. Sed dolor nostrum eaque perspiciatis. Non eos tempora non ut.','2013-10-17 06:15:19','2015-05-13 21:54:50'),(196,37,'Quo placeat maiores aut qui aperiam et debitis. Voluptas quia harum modi quo. Quos doloremque distinctio consequatur.','2020-11-24 06:36:16','2007-08-27 02:17:09'),(197,16,'Velit qui quidem suscipit doloremque. Harum non consequuntur velit voluptas nulla quia eos. Perferendis similique voluptatem impedit blanditiis perferendis quasi.','2007-12-16 11:40:58','2012-10-23 05:42:17'),(198,65,'Minima est aut rerum quo qui. Ut saepe ipsum quisquam veritatis nulla officia. Aut corrupti non eaque molestiae eos non aut.','2005-02-10 12:53:30','2012-08-12 03:38:57'),(199,96,'Molestiae officia illum amet et nisi omnis. Sed dolore ipsam et et. Qui eaque quo accusamus laudantium. Minus deleniti nesciunt dicta sunt.','2002-07-02 22:07:03','2005-11-16 11:16:01'),(200,25,'Voluptatem illo atque voluptatibus suscipit a. Eligendi odio doloribus facilis similique et. Esse corrupti consequatur non occaecati.','2011-08-31 11:52:10','2020-01-30 09:01:18'),(201,31,'Delectus libero soluta et possimus ad id ab. Doloremque sequi accusantium commodi quia. Rerum dolorem a excepturi ipsa tempora ducimus commodi iste. Fugit sequi quia ipsam vitae vel harum expedita.','2020-04-06 12:05:09','2016-02-18 05:39:01'),(202,12,'Culpa aliquid qui quam ut. Reprehenderit maiores rerum labore tempora magni et. Qui rerum ad ipsum perspiciatis.','2006-06-05 16:16:41','2019-08-10 20:48:42'),(203,39,'Vel voluptas consequatur excepturi animi cumque et. Aut quas ratione aut omnis illo quod. Voluptate aut itaque est.','2004-12-30 14:07:34','2003-01-09 10:18:48'),(204,36,'Est possimus eius asperiores ut aperiam sed quas. Quod eos cumque dolorum est autem. Perspiciatis veritatis quibusdam optio atque.','2013-08-20 19:37:28','2006-09-12 05:25:53'),(205,88,'Nobis eius dolor dolore sed. Tenetur et maxime et quo. Magnam voluptatem asperiores animi et id impedit. Dolores ut voluptates totam et quidem maiores.','2010-10-05 16:55:09','2007-02-09 01:47:53'),(206,48,'Molestiae molestias placeat ipsum qui. Repellat aliquid ut sed temporibus incidunt magnam consequuntur.','2008-08-28 05:23:34','2020-04-14 20:50:22'),(207,3,'Qui omnis aspernatur iure alias sapiente. Voluptatibus et rerum dolor consectetur et quaerat. A totam temporibus ut. Ex modi enim consequatur sint maxime.','2021-03-13 03:37:48','2012-08-21 23:20:48'),(208,60,'Aspernatur quidem tempore corrupti facere nesciunt. Consequuntur placeat et maxime repellendus enim. Voluptatibus tempore fuga ut quis odio et. Facere esse magnam magnam dolores.','2014-12-13 02:32:34','2007-08-22 16:48:56'),(209,59,'Rerum vitae eaque est. Vero optio autem ratione magni consequatur. Minima cupiditate dolores ut possimus.','2009-02-02 11:45:27','2014-07-31 06:53:04'),(210,77,'Consequatur eum fugiat odit eos magnam commodi eius. Nobis magni repellat et id voluptatum. Nisi provident sapiente cum autem aliquam.','2002-12-02 00:10:00','2013-02-03 21:06:36'),(211,23,'Et exercitationem exercitationem modi aut tempora. Modi et maxime dolore ullam at eum occaecati. Quas consequuntur eum nam alias iure molestias. In vero quis est voluptatum harum dolor.','2005-01-19 12:27:28','2018-06-01 21:16:58'),(212,78,'Qui exercitationem est sint nulla voluptas unde. Assumenda id qui animi sed. Aut esse suscipit consequatur commodi dolorem delectus soluta. Ut id ea et qui voluptatem architecto sit ad.','2017-05-26 08:34:51','2008-08-11 02:39:23'),(213,4,'Quia explicabo rem dolorem omnis porro. Rerum architecto consequatur sed vel voluptas quaerat. Quo dicta nihil veritatis quia. Quo dolorem earum similique quia.','2009-04-03 02:26:06','2012-03-22 09:19:27'),(214,90,'Eos veritatis voluptatem praesentium qui. Fugit porro pariatur magni delectus soluta cupiditate.','2013-09-24 21:55:37','2012-03-19 21:24:22'),(215,64,'Voluptas facere rerum reiciendis voluptates. Voluptatem odio fugit minima. Nobis autem quia non omnis architecto. Est quasi omnis nam soluta occaecati.','2001-06-26 02:29:13','2005-09-10 11:05:03'),(216,48,'Ut quidem ipsum a harum asperiores fugiat qui. Eaque magnam sed tenetur similique et illo et. Quo sed recusandae dolorem laborum eum. Vitae sed dignissimos et eveniet itaque labore quaerat ut.','2002-01-25 03:53:31','2016-11-12 05:42:46'),(217,75,'Nihil voluptas dolores laudantium doloribus voluptatibus deleniti. Placeat eos odit quis. Et et pariatur voluptas alias accusantium rerum. Quia aperiam dolorem doloribus laborum qui quibusdam.','2003-07-15 07:25:04','2005-12-30 08:53:25'),(218,12,'Aut assumenda tempora est in dolore alias non. Qui ea rem eveniet ipsa quam vel sit. Et voluptatem reiciendis impedit veniam.','2017-12-14 01:13:28','2003-09-07 21:39:51'),(219,33,'Enim dolorem qui voluptatem consequatur. Asperiores est beatae quia suscipit quod animi eos. Dolor voluptatem qui iusto laudantium ea quia. Quia et fuga similique exercitationem ut asperiores.','2005-04-26 12:24:11','2009-11-10 18:04:14'),(220,62,'Ipsam officia enim distinctio accusantium omnis facilis. Facilis sunt id voluptatem ipsa.','2000-07-21 14:04:35','2015-05-07 07:50:23'),(221,83,'Molestiae quia in officiis delectus assumenda aspernatur esse. Dolore qui dolores quo at provident ut. Nam corporis ipsam sint.','2002-12-28 09:37:01','2011-07-05 16:28:53'),(222,61,'Voluptatem iure ut nemo perferendis. Porro occaecati ea quibusdam molestias voluptate libero dolorem. Dolor fugiat et sit ex consequuntur possimus. Illo eaque qui alias qui qui.','2020-06-15 22:07:38','2000-12-27 02:47:22'),(223,83,'Labore beatae in sed. Ad itaque aut odio vel quae. Est iure tempore sint exercitationem qui.\nSit quod et illo quos. Dignissimos dolores eaque expedita possimus.','2015-07-31 02:18:38','2008-03-31 11:35:32'),(224,57,'Tempore ea ut molestiae doloribus. Iusto et ipsa illo sit. Eaque sapiente et aut omnis aut ut. Qui debitis molestias quis ut.','2003-08-17 18:08:55','2008-05-30 12:47:02'),(225,48,'Maiores facere molestiae sit voluptates similique dolorum. Ullam et voluptatibus fuga tempore reprehenderit eos eius in. Magnam et at earum qui harum voluptatem.','2009-10-12 04:12:53','2012-03-22 00:50:50'),(226,99,'Ducimus vero veniam non quo quas doloribus atque. Est harum voluptatum repellendus nulla.','2015-05-24 22:59:39','2016-06-04 17:14:32'),(227,93,'Voluptatum nihil aliquam recusandae odit ut. Illum at sunt non eius minima. Officia culpa aut quae qui.','2013-01-20 16:24:18','2004-02-20 10:01:25'),(228,63,'Voluptatibus illum sed quod et dicta illum quo. Quia enim suscipit aliquam ratione ad. Voluptatem sunt quia molestias quae esse possimus repellendus. Minima velit commodi possimus impedit.','2012-03-13 17:50:00','2014-08-18 18:26:41'),(229,63,'Accusantium id esse corporis et minus beatae suscipit. Ipsam est qui sunt. Quisquam rem sed aut sapiente neque ut consectetur.','2019-12-18 18:43:51','2002-06-22 17:29:36'),(230,89,'Quas impedit eligendi sequi qui et minus voluptatem. Sunt omnis voluptatem et voluptates totam. Esse laboriosam nobis facere et consectetur qui.','2014-01-06 22:34:09','2020-01-18 21:54:03'),(231,88,'Reiciendis enim cupiditate pariatur aliquid accusamus. Consequatur aliquam quidem qui sequi. Et corporis sit sit dolores ea.','2010-05-16 08:41:53','2015-02-11 10:20:55'),(232,94,'Beatae ea debitis officiis. Possimus asperiores occaecati quos pariatur non. Ut qui architecto laborum esse et natus. Natus error hic tempora molestiae natus maxime.','2008-06-26 05:46:54','2012-07-02 04:05:16'),(233,100,'Earum cupiditate ut vero nobis et ut similique doloribus. Nobis molestiae qui voluptatum enim aperiam quis provident. Assumenda adipisci consequatur sunt et ipsa maxime voluptatem.','2009-12-14 17:42:27','2006-12-14 08:13:03'),(234,26,'Enim quo itaque id placeat esse nihil reprehenderit. Molestiae aut dicta aspernatur voluptas quia. Error qui excepturi iure qui dolor maiores. Dolores quo qui eos aperiam distinctio voluptatem.','2005-09-02 22:36:35','2010-02-08 09:44:07'),(235,29,'Mollitia praesentium veritatis ipsam exercitationem praesentium. Recusandae quis rem quas facilis delectus consequatur. Qui eum dicta qui qui. Dolorem aut enim illum soluta omnis.','2005-11-24 15:37:26','2019-04-18 20:41:29'),(236,87,'Recusandae libero nesciunt quas soluta non ea aut. Quibusdam maiores quae voluptatibus magni sapiente impedit.','2007-04-08 18:33:28','2019-08-16 04:26:01'),(237,74,'Nostrum nobis molestiae minus enim illo. Est at saepe minus dicta sunt.\nAliquam aliquid quibusdam et vero cumque. Omnis itaque voluptates vero quod. Ratione maxime praesentium voluptatem.','2009-03-25 05:07:48','2018-03-01 04:19:24'),(238,32,'Et culpa enim voluptas temporibus nisi alias non. Cumque cum aut rerum sunt. Rerum magnam enim minima non dolore voluptatem ipsum. Est at atque et omnis sed. Aut itaque quidem atque et a dicta.','2015-01-21 05:42:40','2006-08-21 15:15:53'),(239,47,'Recusandae est non nesciunt ab quae consectetur cum. Minima ut atque cum. Molestiae possimus sed est reiciendis culpa. Quis et voluptatem tempore voluptatem repellat qui sint.','2013-07-11 15:19:49','2002-06-03 03:22:54'),(240,32,'Distinctio quis et possimus unde nam. Rerum quibusdam perferendis dolores exercitationem saepe. Quasi quibusdam ex quia eligendi aliquid. Eum unde perspiciatis voluptate consequatur non.','2006-12-04 15:05:43','2002-03-02 20:55:44'),(241,9,'Qui repudiandae qui corrupti nihil iure. Neque vitae velit est maxime corporis.','2011-07-23 00:09:43','2000-09-11 08:55:54'),(242,69,'Ducimus in porro in ut eos et. Iste dolorem soluta deleniti consequatur voluptates error blanditiis. Eum exercitationem vitae similique consequatur qui quod quia.','2014-08-22 21:36:06','2012-05-07 21:46:13'),(243,9,'Velit dolorum minima nemo aut optio rerum. Voluptatem quidem ex quis. Deserunt ullam in tempore hic aut molestias.','2014-04-28 06:58:45','2009-05-26 13:13:21'),(244,12,'Eum est minus consectetur ut saepe quasi. Sed velit sit dignissimos et excepturi. Neque tempore nulla harum enim corporis quia saepe. Voluptatem distinctio nulla sint in perferendis tenetur.','2015-06-10 04:46:32','2005-07-10 21:53:19'),(245,58,'Voluptatem odio quidem repellat dolor iste voluptas. Sunt facilis officiis unde dignissimos ipsam.','2013-01-09 14:30:06','2005-06-14 14:35:43'),(246,73,'Dolorum non doloremque dignissimos. Et fuga a adipisci dolorem explicabo possimus omnis. Non dolores cupiditate quos quaerat quod eum delectus.','2010-01-04 11:25:30','2007-02-09 22:37:34'),(247,60,'Repellendus voluptas enim autem culpa animi. Et aut aperiam quam impedit molestiae accusamus. In architecto consequatur dolor neque. Laboriosam non earum voluptates voluptas consequuntur.','2014-06-30 17:01:30','2000-10-17 05:47:08'),(248,32,'Sed aut rem ut error optio corrupti. Quis vero omnis ea expedita officiis tempora odio. Qui et dolorem natus ea.','2010-07-14 19:44:49','2018-12-21 00:41:14'),(249,84,'Dolore ratione harum magni nihil. Voluptas ut quas ullam voluptas ratione. Reiciendis sint porro eligendi sit et. Et eum quibusdam dignissimos id quo accusantium eos.','2021-04-02 12:13:21','2013-02-08 04:14:27'),(250,92,'Sit nesciunt doloremque odio a cum est atque. Fuga reprehenderit beatae explicabo voluptate modi ut. Ipsam et perferendis qui blanditiis ut voluptas dicta.','2007-03-12 06:23:09','2011-01-28 08:47:08'),(251,93,'Ut quia commodi est nemo est ut. Ut quibusdam quasi est eveniet. Deleniti quos sit eum tempore. Ullam rem dignissimos omnis eos rerum.','2006-12-01 09:15:50','2001-04-14 02:38:46'),(252,67,'Autem aut et blanditiis illum et neque aspernatur. Quam reiciendis explicabo sit voluptas. Temporibus rem tempore nostrum aut consequatur consequuntur neque dolore. Recusandae error harum qui eaque.','2000-12-19 15:06:58','2020-09-28 03:07:40'),(253,52,'Excepturi soluta repellat quidem sed. Est voluptas sed maiores sunt sed impedit nostrum. Dolorem omnis quis et quibusdam vitae. Est quia veritatis nesciunt dicta placeat ut minus.','2002-01-07 17:40:37','2001-06-27 00:27:23'),(254,75,'Totam fuga non alias voluptatem officia. Tenetur et accusantium numquam. Necessitatibus nobis blanditiis quisquam omnis.','2003-08-25 23:59:55','2010-02-07 01:09:27'),(255,23,'Qui recusandae optio culpa optio recusandae error. Quidem qui quo reiciendis eaque voluptatem. Temporibus neque rerum aspernatur et.','2015-08-27 18:26:50','2016-04-29 22:58:13'),(256,99,'Et blanditiis dolores est placeat. Eius perspiciatis quisquam aut dicta quae voluptas qui. Quo et cumque illum officia tempore id. Enim iure officiis porro et dolor accusamus.','2019-07-20 21:45:55','2013-09-11 06:12:56'),(257,74,'Laborum possimus consectetur et illo sed qui fugit. Sed fuga similique sunt repudiandae. Consectetur ipsum neque ducimus dolorum minima error qui.','2001-05-22 14:53:13','2004-02-05 17:26:28'),(258,16,'Aut ullam hic minus sed aut atque. Repellendus aut unde veritatis porro voluptatem in suscipit. Eligendi dolore ea expedita.','2019-06-01 22:59:27','2019-05-09 21:13:10'),(259,62,'Maiores dolores dolorum aliquam ratione odio velit in. Est dolor et mollitia pariatur ut dignissimos repellat. Earum sequi aperiam provident est provident harum.','2014-07-21 11:14:47','2003-09-02 18:12:24'),(260,37,'Numquam ut quas aut fugit accusamus. Dolore quia facere veritatis aperiam. Sint id iure iste dolorem veniam impedit minus.','2018-03-02 07:16:33','2018-01-12 12:03:14'),(261,4,'Nobis nisi deserunt exercitationem occaecati et ut molestias. Et autem pariatur sint quibusdam et laudantium sunt in. Est eligendi fugit asperiores qui.','2006-02-25 21:53:25','2001-02-16 13:15:32'),(262,49,'Vel fugiat molestiae possimus quaerat. Quia est ratione id minus. Adipisci possimus est et unde consequatur.','2003-12-16 15:12:04','2007-10-20 00:00:18'),(263,30,'Illo autem sit harum amet eos omnis accusantium. Quis qui quos id soluta. Autem molestiae consequatur neque quis id deserunt autem.','2005-10-08 00:12:04','2018-07-15 15:04:30'),(264,4,'Et debitis iure hic tempore id dolorem culpa. Dolorem dolore et iure voluptas ea. Asperiores voluptas similique error est iure iste quia rerum.','2013-01-08 03:29:13','2002-10-10 18:59:41'),(265,75,'In qui nam provident laborum consectetur. Doloremque enim quos tenetur et. Et officia provident et ea enim. Est veritatis eius dolores deserunt unde. Deleniti quos nemo maxime dolor.','2017-08-27 03:29:00','2021-03-29 23:32:34'),(266,59,'Aut impedit assumenda architecto earum ut. Et molestiae magni doloribus eaque et laborum.','2018-08-26 04:11:52','2000-10-18 09:19:39'),(267,91,'Ut ea et ex. Quaerat voluptas consequuntur quis dolorum ratione omnis sint. Eveniet suscipit quis et nihil perferendis quasi. Non quia eos quia.','2003-06-16 15:08:54','2019-01-15 04:34:36'),(268,48,'Perferendis illo voluptatem ex aut autem iusto. Aut unde rerum natus deserunt sed itaque dicta. Ipsam dolor perferendis totam aut quas delectus.','2019-08-19 12:37:36','2017-10-25 01:08:00'),(269,90,'Autem tempore in molestiae. Excepturi odio quis similique tempora quia odit. Ut blanditiis modi asperiores rerum molestiae. Ea aut id ut aperiam ut.','2000-03-12 16:12:48','2011-07-26 00:48:25'),(270,37,'Fuga sit et soluta ea nisi. Tenetur amet ea est ut. Autem officiis rerum modi eos.\nError est non numquam qui ullam consequatur. Harum itaque veniam eos quasi. Voluptas placeat cumque excepturi ut.','2018-07-11 10:14:28','2002-02-04 18:53:43'),(271,79,'Ut delectus similique et eaque possimus consequatur quia. Voluptatem dignissimos sunt quis itaque numquam nisi. Odit aliquid voluptate id in quaerat voluptas error molestiae. Ipsa non sint sed dicta.','2009-11-19 15:51:44','2006-02-07 01:27:19'),(272,98,'Voluptas perferendis quia iste ipsum. Aut id assumenda voluptate qui eaque. Consectetur maxime tenetur eius dicta voluptate. Iusto molestiae voluptas iure asperiores nisi.','2014-05-30 10:15:40','2008-01-31 21:29:12'),(273,5,'Sed officiis dignissimos sit dolor ut sed. Dolor nihil sed id ut placeat nemo labore. Quis consequatur sunt error quaerat voluptates. Adipisci voluptatum qui temporibus adipisci.','2019-09-26 15:55:05','2006-04-11 00:31:36'),(274,88,'Ut saepe autem tempore nemo veniam nam. Aliquid et et iste et. Est qui non dolor cumque.','2017-10-18 06:59:59','2008-12-06 14:07:53'),(275,9,'Et a laboriosam sapiente consequuntur voluptatem iusto illo voluptatem. Ut aliquid eos cum rerum atque sed. Accusamus quibusdam ipsam voluptatem accusamus saepe quo.','2011-09-04 01:08:11','2006-07-12 22:16:34'),(276,63,'Corrupti voluptatem vel quae cumque. Esse ex vel qui beatae provident. Itaque architecto aliquid occaecati aliquid et.','2017-07-16 12:26:53','2000-06-01 10:57:45'),(277,61,'Omnis consequuntur voluptas velit ut. Sequi aut accusantium aut dolore nostrum saepe natus enim. Deleniti sit accusamus in doloribus ut consequuntur voluptas.','2014-09-18 15:53:01','2020-03-01 16:03:56'),(278,68,'Mollitia iste officiis rerum sit fugiat quibusdam minus. Sunt blanditiis debitis voluptatem architecto vel id provident. Voluptas et veniam autem.','2001-02-24 11:09:04','2007-06-11 12:47:38'),(279,94,'Et et odit soluta. Voluptatem earum ut fuga labore. Rerum distinctio dolorem rerum illo sunt.','2020-04-10 01:49:45','2016-01-08 09:10:58'),(280,44,'Et sunt maiores et at possimus est praesentium consectetur. Quia voluptatem omnis inventore aut quas dicta voluptatem et.','2007-12-01 13:09:16','2007-01-22 07:54:49'),(281,60,'Sit iste nisi qui qui. Totam et et et et quibusdam. Unde beatae corporis et corrupti sit quae facilis quae.','2008-05-12 12:15:23','2014-09-19 20:42:47'),(282,87,'Cupiditate deserunt quia eos praesentium ducimus qui. Possimus quisquam nostrum ipsa ipsam qui fugiat. Et voluptatem explicabo quia nostrum nihil debitis est.','2014-07-28 13:34:43','2019-02-04 21:13:10'),(283,11,'Rem facere voluptatem ratione esse dolor. Dolor voluptate nisi facere corporis voluptatem sed. Qui corporis accusamus a. Consectetur atque eaque et.','2013-10-24 22:42:14','2019-05-31 06:09:08'),(284,11,'Fugiat quia nam aliquid aliquam ipsam explicabo. Assumenda soluta accusamus aliquam eligendi et. Labore fugiat dolorum quidem nam.','2019-01-23 19:50:33','2017-01-04 12:24:44'),(285,62,'Et veniam sint cumque nostrum. Ex consequuntur et est et. Suscipit autem quis rerum in. Minus reiciendis temporibus consequatur qui est aut possimus.','2010-05-20 19:09:34','2002-07-10 13:54:02'),(286,33,'Laboriosam repellendus dolore atque placeat perspiciatis voluptatem. Alias magni quas voluptatum ut optio dicta fuga.','2018-09-08 20:15:37','2012-09-16 11:40:17'),(287,10,'Delectus quidem optio iusto dolor eos voluptatem quis. Voluptatum voluptas soluta fuga delectus. Est harum laborum possimus sed.','2016-10-19 06:15:36','2010-06-12 00:32:07'),(288,35,'Libero nesciunt dignissimos voluptas quis sit sed sed. Facilis dignissimos repellendus beatae praesentium repudiandae ipsa ipsam. Sunt beatae rerum quia corrupti ut magnam.','2012-08-17 20:14:52','2008-11-10 22:53:53'),(289,48,'Magni nesciunt rerum id. Consectetur porro atque aut facilis magnam. Delectus excepturi itaque quidem est.','2009-12-13 12:00:13','2015-08-09 17:28:34'),(290,71,'Qui illum rerum qui numquam voluptates et exercitationem. Omnis et quis eaque aut laborum odit.\nEligendi autem sed inventore. Qui ad aut et aliquam porro nemo in.','2000-11-28 03:32:12','2021-01-11 23:39:25'),(291,71,'In consectetur qui eaque sit. Eum autem est eum aut eos. Optio voluptatem totam explicabo ducimus. Ut harum tenetur enim eos minima molestias.','2007-11-28 15:43:31','2011-10-10 14:27:14'),(292,52,'Nihil magnam est non cumque. Laboriosam quod nulla facilis ut odio. Rem voluptate labore numquam impedit. Odio eum asperiores facilis ut qui optio incidunt iusto.','2017-09-27 23:35:00','2006-09-28 10:26:23'),(293,20,'Aspernatur minus aperiam eligendi sit atque hic et. Illo nobis earum accusamus quos porro. Minus ipsa vitae quas consequuntur ipsam. Unde quia eos vitae beatae placeat quod nisi.','2014-05-23 05:17:13','2008-11-26 20:45:37'),(294,100,'Nihil quis repellendus eligendi debitis non dolorem non. Culpa ut nemo architecto rerum nobis veniam omnis.','2010-09-20 11:07:00','2006-04-27 05:19:19'),(295,55,'Blanditiis aliquid eos rerum exercitationem ipsa. Illum qui est quaerat cum qui. Nihil eius ut ut non perferendis officia omnis.','2004-11-15 15:37:06','2015-12-21 01:34:22'),(296,94,'Ea placeat vel odio veniam. Praesentium dolorem saepe distinctio vel aut dolorem. Qui magni quia quia dolore iusto quaerat. Et ut sit asperiores facilis sit nostrum sunt.','2003-06-23 22:51:13','2015-01-21 13:25:40'),(297,58,'Et id facilis sint. Sit cum iusto quidem quidem. Omnis at in fuga sed aperiam quam voluptas inventore. Et ut id explicabo libero exercitationem ipsa.','2016-04-10 18:16:07','2020-09-14 19:27:02'),(298,45,'Quos eaque sit sapiente officiis possimus quis quis. Nihil laboriosam ratione voluptatum nobis. Illum in nostrum deleniti sint rem temporibus.','2009-09-02 18:30:03','2008-10-05 17:50:56'),(299,41,'Et aut vel tenetur omnis cumque sed. Sint tenetur eum aut enim cumque.','2007-04-21 18:55:52','2008-09-18 02:29:42'),(300,48,'Eveniet suscipit repellendus voluptate sint omnis. Iusto rerum quisquam saepe optio. Omnis reprehenderit ad cumque blanditiis. Voluptatem et minus quo qui et ratione nobis.','2009-01-21 17:23:26','2007-03-09 05:49:33'),(301,81,'Asperiores quibusdam et sunt aut saepe eius dolore et. Rem totam consequatur nisi a qui ut delectus. Non id iusto sed molestiae nihil explicabo possimus nesciunt.','2018-06-06 11:35:26','2018-03-18 18:41:20'),(302,20,'Ipsum est praesentium repudiandae quo ut. Maxime et eum voluptatibus dolores repellendus blanditiis eum. Rerum dicta quis dolore voluptates temporibus earum dolor.','2020-03-18 11:42:49','2000-02-01 05:46:11'),(303,45,'Voluptas asperiores sunt inventore eveniet fuga aspernatur occaecati. Aut praesentium est ea quo molestiae. Laudantium dolorem sed expedita quo quia.','2015-07-04 18:58:18','2009-01-28 10:02:37'),(304,86,'Natus et accusamus dolorem laborum. Qui id possimus adipisci vel rerum. Eaque minus ipsum soluta quo aut.','2010-11-15 23:45:51','2016-05-12 09:56:42'),(305,7,'In facilis maiores vel enim vitae doloremque necessitatibus. Quia tempore maiores sit tempora doloremque. Dicta et est a impedit quod earum saepe.','2007-02-15 07:43:04','2020-10-30 22:31:31'),(306,54,'Sint est cumque fugiat aliquid amet reprehenderit et. Laborum temporibus et aspernatur. Repellat adipisci consequatur qui cumque.','2012-02-01 15:40:14','2006-06-28 23:41:32'),(307,48,'Sunt omnis distinctio facere corporis. Et quas nam consequatur quas cum fugiat.','2012-03-03 07:32:43','2012-11-29 02:28:05'),(308,68,'Maiores ut sed dolores ducimus molestiae. Ea et qui assumenda dignissimos dolorem occaecati autem.','2008-04-28 08:22:15','2002-08-17 02:01:31'),(309,22,'Animi tempore quia enim sunt amet. Commodi laborum nihil ullam sit beatae. Libero quisquam quo esse consequuntur sapiente laborum recusandae. Vel est est perferendis rerum delectus omnis.','2002-05-08 13:54:00','2018-11-18 23:27:58'),(310,42,'Doloribus odio hic eligendi consequatur cum quos et. Eligendi laboriosam nihil et. Et iure porro et commodi magni beatae.','2009-08-07 05:38:09','2014-10-07 04:42:02'),(311,12,'Debitis nam ut sit cupiditate expedita. Illum sit qui illum quia. Soluta veritatis ea asperiores deleniti est est. Est iure dolorum excepturi eum rerum officia voluptatem.','2013-03-17 01:49:26','2000-03-13 09:48:50'),(312,81,'Nihil autem omnis quasi iste quis sit saepe. Blanditiis possimus ut dolor dolores rerum sed veniam. Omnis voluptatum ex delectus laborum aliquid mollitia totam.','2002-03-18 04:24:09','2003-02-08 23:45:16'),(313,29,'Et eius repudiandae iure in voluptas. Cupiditate est minus sint commodi.','2018-03-02 08:02:10','2003-02-17 23:47:20'),(314,22,'Et sunt fugit vero. Aut natus doloremque voluptas eum impedit iste soluta. Reprehenderit voluptatem aut est est ab temporibus voluptas. Labore libero voluptatem dolor ut enim.','2019-09-01 22:30:26','2013-09-16 04:49:06'),(315,92,'Nostrum culpa commodi optio. Quia minima et magnam illo nam reiciendis ut id. Quod soluta aliquam aut ratione sit repellat.','2016-02-10 11:08:44','2014-08-25 06:01:48'),(316,90,'Vel aut alias nulla et id. Ipsam unde ut eum deleniti sequi. Nemo rerum esse est. Quibusdam architecto sit corrupti dolorem neque dolor. Quasi blanditiis quasi labore iste illo perspiciatis dolor.','2008-02-20 09:13:42','2008-12-25 17:16:21'),(317,54,'Quam distinctio voluptate in sed porro commodi debitis. Nostrum voluptas aliquam aperiam ullam. Voluptate voluptas quia ipsa fugiat. Voluptatem dignissimos voluptatum architecto.','2016-01-14 04:23:37','2013-09-04 19:55:26'),(318,1,'Consequuntur dolores quas sit eius. Dolorem nemo cupiditate ea veritatis. Aut totam molestiae error dicta voluptate fugit quidem. Explicabo non rerum pariatur omnis ab.','2016-04-07 03:01:45','2019-02-07 17:52:36'),(319,25,'Omnis non magni ipsum minus at. Et et aut atque.','2019-10-01 23:18:22','2009-04-22 19:54:14'),(320,2,'Nihil aut aut ab est est. In necessitatibus eligendi rerum voluptas et perspiciatis veniam.','2001-11-29 03:15:22','2010-05-30 14:15:09'),(321,72,'Aut amet incidunt eveniet harum ullam. Voluptatem voluptatem laborum neque unde maxime. Exercitationem officia consequuntur odit repellendus.','2010-12-03 08:42:52','2015-12-08 05:06:46'),(322,95,'Quam aliquid at est vitae autem. Ea magni facilis expedita beatae et est. Porro fuga fugiat et nesciunt voluptas voluptatum veniam neque.','2004-02-25 02:50:36','2004-01-11 09:26:58'),(323,54,'Doloremque velit officia et nisi dignissimos dolores aut quasi. Sunt tempora eveniet aut deleniti. Expedita sed repudiandae porro fugiat.','2019-08-13 03:36:39','2019-08-04 11:30:12'),(324,91,'Ex ipsam sit ut dolore velit. Voluptas et repellendus modi voluptatibus error ducimus. Sunt officia natus quas molestias.','2001-01-25 10:52:26','2006-08-13 04:37:43'),(325,95,'Saepe quos occaecati error vel qui nisi. Voluptatem voluptatem qui quidem commodi incidunt nesciunt.','2018-12-16 10:16:35','2014-11-06 11:32:21'),(326,8,'Sunt quo nobis et unde ut. Minima velit quo eligendi nam magni quasi aliquam. Laboriosam ipsa quis similique.','2007-09-15 23:16:08','2017-05-25 16:23:03'),(327,85,'Ut necessitatibus harum quia sit sed qui voluptatum sunt. Voluptatem voluptatibus sapiente quaerat similique maxime quam mollitia. Aut dolores debitis aliquam aut aut ut.','2002-06-25 04:12:52','2008-10-22 15:15:17'),(328,53,'Nam et rerum voluptatibus et architecto. Natus dolores fugiat voluptas aliquid nisi facere. Quia necessitatibus ex minima harum praesentium dignissimos veritatis.','2003-03-26 14:57:56','2007-10-16 11:15:42'),(329,53,'Libero nesciunt illo accusantium iure ducimus reiciendis eveniet. Qui corporis reprehenderit voluptatem non architecto. Esse sint perferendis consequatur illo.','2004-02-08 06:52:44','2006-10-09 01:09:53'),(330,25,'Eius velit omnis et dolorem voluptas. Sapiente ducimus voluptates et minus id. Fugit eos dolores fugit animi at non voluptas. Et error velit laudantium.','2013-11-09 05:04:08','2001-03-19 20:21:34'),(331,1,'Suscipit quis dolores sunt id. Provident et quisquam rerum commodi vero. Iusto et voluptatibus quia eos non impedit. Quibusdam rerum libero eveniet id qui.','2008-06-17 09:34:40','2000-07-13 00:22:29'),(332,34,'Aut iure ut ratione velit in. Sed magni quas mollitia tempora laborum eum.','2001-08-19 04:45:19','2009-12-11 00:20:08'),(333,45,'Eos cumque quaerat consectetur ipsum quam hic adipisci. Odit qui hic sint possimus eius non. Dolor omnis recusandae ab iusto non.','2014-10-04 20:41:36','2011-05-23 06:20:16'),(334,45,'Error eligendi aliquam at laborum doloribus. Quidem consequatur nihil neque ad omnis quisquam nihil ut. Consequuntur fugit est voluptatem ullam.','2011-11-06 16:53:56','2019-01-17 09:30:05'),(335,19,'Adipisci dicta corrupti incidunt ea consequatur quis. Enim autem possimus incidunt autem id. Tenetur recusandae quis minima error cupiditate facilis.','2018-12-01 23:39:56','2020-03-07 11:24:11'),(336,52,'Dolorem rerum unde quam ex. Asperiores et praesentium maiores facilis occaecati sequi. Consequatur nihil quia deserunt voluptas recusandae.','2020-08-18 23:04:44','2010-11-12 11:30:02'),(337,99,'Expedita qui sint harum nisi. Corporis est accusamus minus adipisci aut doloremque odio. Voluptatum eos maxime nam autem hic non.','2019-05-04 11:45:00','2013-08-09 03:36:07'),(338,67,'Est deserunt aut perspiciatis perferendis qui qui. Ab autem molestiae ipsa aliquam unde necessitatibus totam.','2000-07-13 22:06:09','2003-01-15 18:19:12'),(339,19,'Id soluta et quaerat itaque et sunt. Enim velit qui numquam rerum omnis sit. Minus occaecati perferendis quis et asperiores.','2017-11-06 02:14:12','2010-09-26 15:16:59'),(340,21,'Quo quisquam sapiente ipsam sint. Quos ut aut beatae aut iure sunt veniam. Itaque asperiores ducimus fugiat.','2011-02-09 12:30:33','2020-03-31 11:22:05'),(341,9,'Cupiditate sed sed iste debitis esse dolores dolorem. Quidem a provident eaque error. Ipsum voluptas ipsa error.','2017-11-13 05:19:59','2017-01-17 06:43:23'),(342,30,'Rerum labore dolores officia tenetur. Quibusdam aut minus illum qui.','2009-04-03 22:57:06','2020-11-22 16:19:47'),(343,2,'Sed dignissimos enim maiores dolorem molestiae ea. Minus atque repellat consequatur nostrum itaque et.','2013-01-11 07:55:51','2017-07-06 13:55:53'),(344,37,'A dolorem aut et non suscipit. Molestiae nesciunt asperiores et magnam id sint et voluptatum. Ut sunt dolorum sed cumque rerum nisi cupiditate.','2018-12-26 17:08:02','2010-11-01 19:24:34'),(345,51,'Quis voluptatibus voluptatibus qui. Ipsum sapiente aliquid et. Voluptatibus id blanditiis quasi. Voluptas autem in natus ea.','2014-07-25 19:27:58','2006-04-09 05:06:32'),(346,93,'Incidunt non officiis provident totam. Dolorum fuga autem voluptatem hic sunt. Magni voluptate ab velit occaecati corrupti. Autem nam repudiandae voluptates harum qui porro.','2017-01-28 01:45:03','2002-06-25 01:11:09'),(347,26,'Harum fugiat reprehenderit eius nemo labore nam nisi. Quis deleniti commodi odio aut ut provident. Consequatur consequatur fugiat enim non.','2012-02-07 07:15:49','2019-06-10 10:18:58'),(348,5,'Laudantium eveniet eligendi voluptas quisquam impedit. Veritatis sed rerum vel autem cumque nam odit. Provident sint quia molestias veniam.','2020-10-13 18:02:15','2002-02-07 09:09:34'),(349,94,'Perferendis ullam aut et suscipit et. Molestias libero magnam fugit ea earum qui. Eum qui modi non recusandae omnis vero. Aspernatur est ut quos eos.','2007-02-18 17:40:22','2009-04-16 12:14:46'),(350,51,'Consequuntur est vitae sit harum laboriosam. Quae maiores omnis veritatis aut. Nobis quaerat aut iste debitis laudantium magni.','2004-05-26 20:18:44','2017-11-05 04:58:39'),(351,6,'Architecto eos nulla ipsam et perspiciatis ut ipsam. Eum ex facilis vel itaque aut et. Dolorem soluta expedita quod velit.','2006-03-18 01:12:10','2008-07-10 20:57:41'),(352,65,'Nihil fugit eligendi earum incidunt quia. Eligendi vitae esse sed non nisi. A repellendus nulla sit id modi sapiente nesciunt. Nisi ipsa blanditiis asperiores eum laboriosam et a.','2019-05-08 16:22:25','2013-02-13 10:26:57'),(353,45,'Sint sint aut consequatur impedit vitae est. Perspiciatis eius labore nam. Aut voluptatem et est molestias. Possimus aut nemo laboriosam corporis quidem velit impedit.','2018-05-27 01:18:30','2010-08-11 18:39:49'),(354,59,'Ratione minus nemo ut maiores unde. Facilis saepe consequatur voluptatem dolor aut est. Ut enim quis exercitationem vel.','2005-07-17 12:28:14','2018-12-10 18:22:41'),(355,56,'Quam exercitationem possimus possimus qui repellendus omnis accusamus. Quae doloribus reiciendis possimus cum. Omnis quis excepturi sunt sunt hic ad.','2003-07-29 14:19:18','2017-05-04 14:45:15'),(356,40,'Aut odit voluptatum nihil. Nihil qui ad qui nulla. Omnis incidunt eos aliquid omnis qui reprehenderit.','2011-07-02 02:01:54','2012-04-01 01:51:41'),(357,67,'Velit voluptate rerum consequatur quia officiis. Asperiores non expedita repellat rem explicabo facere.','2007-04-26 13:30:02','2012-06-07 18:11:31'),(358,40,'Ratione qui qui eum aperiam culpa. Omnis atque velit dolore officiis sunt. Harum ut consequuntur est quia tenetur est eaque.','2018-09-18 17:54:35','2005-01-20 16:23:58'),(359,93,'Voluptatem esse quos facilis molestiae tenetur. Et quia asperiores molestiae culpa quia quos ea ipsam. Omnis a quod officiis quo consequuntur. Nisi facilis placeat sed ab fugit.','2002-09-15 18:26:40','2008-12-31 02:35:40'),(360,20,'Debitis facilis culpa ut neque eum. Delectus explicabo dolore non consequatur optio. Nihil adipisci esse quis ratione assumenda tempore expedita.','2017-06-22 01:29:50','2017-11-19 03:29:18'),(361,65,'Repellendus et ipsum provident facere enim dolore. Voluptas fugiat quidem unde. Eos neque rerum aut qui quas.','2003-07-21 13:19:21','2018-03-15 06:15:44'),(362,93,'Necessitatibus eaque illo eius et inventore fugit. Ratione porro mollitia ducimus laborum voluptatem maxime. Dolores soluta eius ea omnis hic porro et. Corrupti totam et voluptatem.','2006-07-16 14:17:18','2020-12-19 01:34:38'),(363,53,'Eos quaerat nulla nam reiciendis aspernatur in. Molestias quas numquam voluptas error eum. Magnam nobis voluptatem aut illum.','2014-07-29 04:24:14','2007-11-29 19:49:10'),(364,9,'Ut et aliquid voluptatibus voluptatum reprehenderit excepturi. Qui ratione possimus magnam aspernatur est. Et amet quos sed exercitationem. Tenetur et consequuntur vitae distinctio sed odit.','2016-03-17 09:19:33','2020-01-28 12:54:13'),(365,38,'Nulla dignissimos quae labore laborum. Rerum fuga consequuntur odit aut aut. Et perferendis omnis enim. Maiores perspiciatis eveniet aspernatur in sit.','2018-09-18 20:30:34','2009-02-25 20:15:54'),(366,72,'Quis sunt aliquam cumque voluptas possimus quos quo. Commodi sit quia consequatur sit enim deleniti corporis. Voluptas id enim neque ad. Quo impedit officia quia amet voluptates ut et.','2019-09-29 11:50:49','2011-05-06 04:32:03'),(367,60,'Eum cumque omnis qui aspernatur. Asperiores voluptatem autem ut ea assumenda. Non distinctio et sed voluptatem assumenda tenetur voluptas.','2009-07-05 15:54:22','2001-03-20 22:59:18'),(368,37,'Rem dolore repellendus dolorum illum odio facere quod. Vitae mollitia enim numquam consequatur ducimus architecto. Non odit iusto unde.','2006-01-22 12:50:34','2007-09-27 14:50:28'),(369,38,'Sed perferendis aliquid est laboriosam aut reiciendis vel. Corporis mollitia reprehenderit et fugit eaque non. Est ea est ut ad tempore aliquam aperiam. Placeat fugiat est dolorem in eos nihil.','2018-03-25 22:04:46','2010-01-15 07:04:45'),(370,78,'Ullam provident molestias quo quidem dolorum facere. Dolores dolorem iste perferendis id praesentium a fugiat.','2009-11-01 18:13:48','2011-05-18 05:05:10'),(371,57,'Aut enim harum facere. Velit a sint iure cum. Accusamus et deserunt assumenda molestiae. Recusandae doloremque mollitia consequuntur earum non sit rerum.','2006-11-27 15:25:47','2015-05-25 12:41:33'),(372,47,'Sequi rerum officiis veritatis amet libero quia earum. Sit est ducimus quisquam nihil. Id odit quia harum quia ut. Ut sequi et est perspiciatis eveniet dolore.','2008-01-28 04:36:28','2003-09-25 21:10:56'),(373,8,'Quae corrupti aut eos occaecati unde fugiat. Quia vel consequatur blanditiis ut in eum natus. At ut quasi minima minus vel laborum omnis.','2006-03-22 14:55:33','2013-07-19 23:39:12'),(374,59,'Autem reprehenderit eos provident itaque quas minus porro. Voluptatibus consequatur aliquam blanditiis nobis quibusdam. Laudantium vel sunt ratione natus quas.','2016-10-25 02:19:06','2003-06-21 20:56:12'),(375,83,'Minus rerum aut sit similique et. Aut quia dignissimos exercitationem esse aliquid consequatur temporibus. Soluta omnis voluptatum et fugiat totam eius eos. Explicabo non ut facere ut adipisci vero.','2018-07-29 18:59:18','2009-10-15 15:14:53'),(376,58,'Possimus qui eos corporis consequatur atque voluptas. Sunt reiciendis ut voluptas aut asperiores. Distinctio aperiam recusandae sed animi possimus.','2017-02-08 11:44:09','2015-08-31 04:47:46'),(377,51,'Libero facere odio nulla rem. Voluptas omnis dignissimos et et consequatur. Iure nesciunt neque nostrum vel unde.','2014-11-16 21:05:24','2003-01-24 05:48:57'),(378,9,'Quam et maiores assumenda et nulla. Laudantium labore culpa illum. Itaque autem rerum dolor aut.','2005-10-21 22:02:26','2019-02-07 08:19:44'),(379,62,'Ab reiciendis sapiente non vel atque tenetur recusandae. Sint voluptatem minus molestiae sit et. Earum porro est ipsam autem consequatur.','2019-12-03 16:17:39','2003-12-29 08:56:03'),(380,45,'Architecto quia sed vero provident. Ex voluptatem omnis necessitatibus distinctio omnis eligendi sit. Maiores voluptatum nostrum dolore eveniet iusto.','2007-03-30 13:11:41','2007-11-22 08:29:19'),(381,59,'Et quo perferendis veniam tempore nisi voluptatibus. Magnam nesciunt voluptatem architecto. Qui repellat dolorem corporis distinctio optio ut.','2006-03-19 00:20:05','2002-07-05 14:59:26'),(382,68,'Aut laudantium sint vitae. Accusantium qui et vero. Natus quos eum velit.','2002-05-03 13:33:58','2004-10-30 15:03:20'),(383,10,'Autem a dolores ea nulla. Modi exercitationem cum iure deleniti eum illo quis. Inventore placeat sequi impedit et possimus.','2010-04-24 09:12:29','2008-05-05 18:07:50'),(384,4,'Maiores qui quaerat quibusdam qui fugit. Ea consequatur provident veniam nulla alias qui porro. Veritatis autem porro nihil maxime consequatur blanditiis assumenda.','2000-05-21 06:45:02','2000-02-28 06:59:29'),(385,27,'Perspiciatis molestiae repellendus ea autem. Sint occaecati sapiente sed aut. Quia minima et inventore tempora dolor officia temporibus. Totam dolores repellendus est ea.','2001-10-15 05:17:13','2011-11-13 01:40:09'),(386,66,'Veritatis dolores eveniet et quas. Facere et quos in. Dicta sit dolore non illo sit rerum. Quaerat neque aut repellat aut perferendis.','2014-10-10 21:18:31','2014-09-03 01:46:38'),(387,44,'Sunt quis repudiandae numquam ipsa. Nihil et a nisi porro et. Deserunt corporis et maiores necessitatibus ut. Deleniti sed voluptates rem accusamus unde laudantium est.','2016-09-25 18:08:30','2018-11-08 16:11:00'),(388,94,'Debitis illum quisquam est molestiae sit corporis. Sed ipsa aut dicta sed fuga ut. Facilis ut error alias sapiente quo ducimus temporibus voluptatum.','2015-08-24 01:27:16','2015-09-04 15:13:14'),(389,5,'Rerum reiciendis tempore aut molestiae provident et. Ea consequatur saepe voluptatem ab omnis quas. Molestiae quis quibusdam debitis aut quia.','2001-06-13 20:28:52','2018-04-01 23:02:02'),(390,37,'Eum neque eaque repellendus modi reiciendis. Quia voluptatum veritatis eveniet enim iure quae. Reprehenderit enim doloribus aut minus. Exercitationem dignissimos voluptate mollitia ipsum eos quas ut.','2018-03-15 09:56:49','2000-09-30 21:59:07'),(391,13,'Est similique ipsam maiores et et. Laudantium sequi porro eos praesentium illo. Qui sunt omnis laborum ducimus ipsa vero.','2015-12-26 20:40:53','2003-11-19 22:26:50'),(392,70,'Placeat tempora est magni voluptas sed corporis rerum distinctio. Ullam numquam similique iure quasi. Commodi alias omnis facere ducimus ullam. Numquam cupiditate aut a ut.','2000-06-01 07:15:21','2014-12-28 10:13:17'),(393,29,'Qui molestiae veritatis ratione temporibus omnis explicabo. Est quod eligendi voluptatem nihil et neque minima. Reiciendis incidunt inventore praesentium placeat.','2016-09-10 12:49:55','2008-03-25 04:33:20'),(394,65,'Qui voluptatum et corrupti laudantium aspernatur adipisci quae. Cupiditate doloribus praesentium molestiae rerum. Quis optio voluptates repellat eum et. Soluta consequatur laudantium laborum.','2002-05-14 20:21:49','2013-09-07 14:06:56'),(395,79,'Eos pariatur qui aut nisi qui omnis aut ad. Sed in quas et adipisci dignissimos voluptatem. Vel amet ratione minima libero dolores quos sit. Non facere fuga aut aliquam provident accusantium qui.','2011-03-04 04:05:32','2007-04-24 18:47:58'),(396,67,'Ut nam aliquid voluptatem totam dolor vitae. Exercitationem omnis et aperiam. Ea aspernatur qui ut voluptates. Voluptas et qui officiis ducimus illo.','2005-08-25 17:12:20','2020-11-14 11:47:01'),(397,36,'Voluptatum quia adipisci est omnis soluta perspiciatis eos. Perferendis nesciunt accusamus pariatur aut sit qui nam. Aut natus expedita eos dolor officia nihil aperiam.','2009-02-18 17:48:18','2015-10-01 18:18:10'),(398,38,'Accusamus dolores qui eligendi in pariatur qui id. Ut molestias ut facere eos et ut. Porro tempora ut magni blanditiis voluptatum. Id molestias nemo repellat necessitatibus.','2002-03-10 16:03:16','2014-09-09 10:20:36'),(399,3,'Veritatis quam ipsa sequi alias. In id adipisci consequatur consequatur. Enim nihil explicabo sunt eveniet facilis error. Voluptas eum totam placeat atque.','2019-10-07 16:53:48','2001-04-18 06:43:25'),(400,74,'In sunt temporibus quod quam id ducimus est. Est nulla qui quos quis commodi officiis. Maiores qui incidunt esse neque. Velit dolorem dolorem quo laborum amet quia.','2006-03-20 00:35:22','2009-02-05 03:59:59');
/*!40000 ALTER TABLE `posts` ENABLE KEYS */;
UNLOCK TABLES;

--
-- Table structure for table `posts_likes`
--

DROP TABLE IF EXISTS `posts_likes`;
/*!40101 SET @saved_cs_client     = @@character_set_client */;
/*!40101 SET character_set_client = utf8 */;
CREATE TABLE `posts_likes` (
  `post_id` bigint(20) unsigned NOT NULL,
  `user_id` bigint(20) unsigned NOT NULL,
  `like_type` tinyint(1) DEFAULT 1,
  PRIMARY KEY (`post_id`,`user_id`),
  KEY `post_idx` (`post_id`),
  KEY `user_idx` (`user_id`),
  CONSTRAINT `posts_likes_fk` FOREIGN KEY (`post_id`) REFERENCES `posts` (`id`),
  CONSTRAINT `users_likes_fk` FOREIGN KEY (`user_id`) REFERENCES `users` (`id`)
) ENGINE=InnoDB DEFAULT CHARSET=utf8mb4 COLLATE=utf8mb4_unicode_ci;
/*!40101 SET character_set_client = @saved_cs_client */;

--
-- Dumping data for table `posts_likes`
--

LOCK TABLES `posts_likes` WRITE;
/*!40000 ALTER TABLE `posts_likes` DISABLE KEYS */;
INSERT INTO `posts_likes` VALUES (5,51,1),(7,7,0),(7,11,1),(8,54,1),(12,70,1),(13,36,1),(13,67,1),(14,36,0),(14,73,0),(15,74,1),(16,36,1),(18,34,0),(18,46,0),(19,5,0),(19,54,0),(23,50,0),(23,91,1),(24,23,1),(26,70,0),(27,78,0),(27,91,1),(29,47,0),(31,71,0),(32,41,1),(33,60,1),(34,16,0),(35,17,0),(35,29,0),(36,16,0),(36,22,0),(37,15,1),(42,69,1),(44,93,0),(46,5,1),(46,90,1),(47,72,0),(48,75,0),(49,58,1),(51,93,0),(52,65,1),(52,72,0),(53,91,0),(54,67,0),(55,26,0),(55,59,1),(55,78,0),(57,51,1),(59,8,0),(59,78,0),(59,100,1),(60,38,0),(61,5,1),(61,20,1),(62,56,0),(64,63,1),(65,57,1),(66,25,1),(66,97,1),(67,2,0),(70,49,0),(71,69,1),(71,93,0),(73,24,0),(76,22,1),(76,36,1),(78,15,1),(78,30,0),(78,61,0),(78,88,1),(80,32,0),(80,55,1),(81,8,0),(81,18,0),(82,69,1),(84,10,1),(86,96,1),(87,56,0),(88,2,1),(88,60,1),(89,44,0),(91,42,0),(91,52,1),(92,52,0),(92,65,1),(92,99,1),(93,50,0),(93,85,0),(95,68,0),(96,8,0),(96,19,1),(96,80,0),(97,94,1),(99,27,1),(99,35,0),(99,99,1),(100,9,1),(100,90,0),(101,89,1),(102,70,1),(104,67,1),(106,31,0),(107,5,0),(108,62,1),(108,81,0),(109,3,1),(109,20,1),(109,94,0),(111,8,1),(111,49,0),(112,33,0),(114,78,0),(115,55,0),(116,33,1),(116,41,0),(116,49,0),(116,81,1),(118,66,0),(119,56,0),(121,83,1),(122,30,0),(123,71,1),(123,95,1),(125,12,0),(126,87,1),(126,88,1),(127,49,1),(127,55,0),(127,95,1),(128,59,1),(128,70,1),(129,54,0),(130,22,0),(130,47,0),(130,69,1),(131,8,0),(131,47,0),(131,79,0),(132,26,0),(132,46,0),(132,68,0),(132,76,0),(133,13,1),(133,89,1),(134,28,0),(138,60,1),(139,36,1),(139,53,0),(140,25,0),(140,73,0),(141,55,1),(143,68,0),(144,6,0),(144,48,1),(147,25,1),(148,81,0),(148,85,0),(149,74,0),(151,76,1),(152,7,1),(152,82,0),(153,78,1),(154,9,0),(154,31,0),(155,11,0),(155,24,1),(155,38,1),(156,91,1),(158,72,1),(159,6,0),(159,28,0),(160,50,0),(160,98,0),(161,68,1),(162,100,0),(164,21,1),(164,33,0),(164,51,0),(164,93,1),(165,68,1),(168,71,1),(172,74,0),(173,2,0),(175,20,0),(176,26,1),(179,7,0),(179,61,1),(180,47,1),(181,47,1),(182,65,1),(183,23,1),(183,53,1),(184,10,1),(184,14,1),(185,32,0),(185,80,0),(185,88,1),(187,54,0),(187,63,0),(188,79,0),(188,91,1),(190,79,1),(195,42,1),(196,99,1),(198,16,0),(198,53,1),(201,26,0),(201,48,0),(201,51,0),(202,20,1),(203,35,1),(203,79,0),(204,46,1),(205,3,0),(205,98,1),(206,4,1),(206,9,0),(206,21,0),(206,70,0),(208,82,0),(210,84,1),(214,86,1),(215,6,0),(215,21,1),(215,32,1),(215,86,0),(218,20,1),(219,35,0),(219,75,0),(219,80,1),(222,19,0),(222,21,0),(223,88,1),(226,77,0),(227,12,1),(227,87,1),(228,17,0),(228,59,1),(228,89,1),(229,5,0),(229,72,1),(232,19,0),(234,82,1),(237,5,0),(240,19,0),(240,37,1),(243,22,0),(244,64,0),(244,79,0),(246,70,1),(247,11,1),(247,95,0),(249,50,0),(250,21,1),(250,39,0),(250,64,1),(251,41,1),(256,21,0),(256,46,0),(256,49,0),(257,17,1),(257,68,1),(257,86,0),(257,94,1),(258,93,0),(259,40,1),(259,42,1),(260,4,0),(260,7,1),(260,13,1),(260,31,1),(261,74,0),(263,17,1),(266,47,0),(267,14,0),(268,83,1),(271,68,0),(271,74,0),(272,15,0),(272,77,0),(274,76,0),(275,29,1),(276,11,0),(276,87,0),(277,52,1),(278,21,0),(280,19,1),(280,90,1),(284,23,1),(284,68,0),(287,45,0),(287,48,1),(289,17,1),(290,47,0),(291,27,0),(291,62,0),(293,70,1),(295,98,0),(297,74,0),(297,83,1),(297,84,0),(298,39,1),(299,3,0),(301,26,0),(302,99,0),(303,60,1),(305,47,0),(305,73,0),(305,77,1),(306,89,0),(307,4,0),(307,21,0),(307,60,0),(308,3,1),(308,59,0),(311,18,0),(311,31,1),(313,10,0),(314,40,0),(316,47,1),(317,27,1),(317,43,1),(317,99,1),(318,44,0),(319,19,0),(319,66,1),(320,56,0),(320,88,1),(323,88,1),(324,23,0),(325,4,0),(325,33,0),(325,34,0),(325,38,0),(327,44,0),(327,69,1),(328,2,0),(329,70,1),(330,13,0),(331,15,1),(334,73,0),(334,75,1),(336,60,0),(337,45,1),(337,49,0),(337,72,0),(339,92,0),(341,34,0),(345,49,1),(345,58,0),(352,13,1),(352,97,1),(353,7,1),(355,55,0),(355,96,0),(356,54,1),(357,77,0),(359,22,0),(362,19,1),(362,60,1),(363,19,1),(363,20,0),(363,47,0),(363,91,0),(364,68,0),(367,55,0),(369,32,0),(369,45,1),(371,23,0),(372,2,1),(372,41,0),(372,78,0),(373,9,1),(373,54,0),(375,8,1),(376,71,0),(377,65,1),(377,84,0),(379,13,0),(379,82,0),(380,29,0),(381,8,1),(381,53,1),(383,60,1),(385,3,0),(385,34,1),(386,85,1),(387,44,0),(388,37,0),(389,80,1),(390,62,1),(391,79,1),(392,69,1),(392,94,0),(395,54,0),(396,49,0),(398,26,0),(398,47,0),(399,1,1),(399,46,0),(399,51,1);
/*!40000 ALTER TABLE `posts_likes` ENABLE KEYS */;
UNLOCK TABLES;

--
-- Table structure for table `profiles`
--

DROP TABLE IF EXISTS `profiles`;
/*!40101 SET @saved_cs_client     = @@character_set_client */;
/*!40101 SET character_set_client = utf8 */;
CREATE TABLE `profiles` (
  `user_id` bigint(20) unsigned NOT NULL,
  `gender` enum('f','m','x') COLLATE utf8mb4_unicode_ci NOT NULL,
  `birthday` date NOT NULL,
  `photo_id` bigint(20) unsigned DEFAULT NULL,
  `user_status` varchar(30) COLLATE utf8mb4_unicode_ci DEFAULT NULL,
  `city` varchar(130) COLLATE utf8mb4_unicode_ci DEFAULT NULL,
  `country` varchar(130) COLLATE utf8mb4_unicode_ci DEFAULT NULL,
  PRIMARY KEY (`user_id`),
  UNIQUE KEY `photo_id` (`photo_id`),
  CONSTRAINT `fk_profiles_media` FOREIGN KEY (`photo_id`) REFERENCES `media` (`id`),
  CONSTRAINT `fk_profiles_users` FOREIGN KEY (`user_id`) REFERENCES `users` (`id`)
) ENGINE=InnoDB DEFAULT CHARSET=utf8mb4 COLLATE=utf8mb4_unicode_ci;
/*!40101 SET character_set_client = @saved_cs_client */;

--
-- Dumping data for table `profiles`
--

LOCK TABLES `profiles` WRITE;
/*!40000 ALTER TABLE `profiles` DISABLE KEYS */;
INSERT INTO `profiles` VALUES (1,'x','1929-06-30',20,'Doloremque eum ullam ut iste m','Aaliyahmouth','Saudi Arabia'),(2,'m','1980-01-07',47,'Libero in exercitationem dolor','Watersville','Grenada'),(3,'f','1929-11-30',194,'Velit et ab ut et id. Amet et ','North Charity','Maldives'),(4,'m','2005-06-22',153,'Qui earum quis earum ea nihil ','New Zacherystad','Brunei Darussalam'),(5,'m','1921-09-18',89,'Occaecati perspiciatis quaerat','East Floydton','Palau'),(6,'f','2008-07-07',106,'Autem eos est rerum rerum est ','Port Clintchester','Bosnia and Herzegovina'),(7,'x','1918-01-14',15,'Dolorum ipsa maxime nesciunt v','East Stuart','China'),(8,'f','1901-05-29',188,'Perferendis placeat voluptatem','Port Corene','Bouvet Island (Bouvetoya)'),(9,'x','1989-08-25',30,'Nesciunt non officia quo dolor','North Ashly','Ecuador'),(10,'m','1940-09-06',67,'Non aspernatur libero magni ut','Halvorsonport','South Africa'),(11,'f','1944-11-09',179,'Necessitatibus ex officia dolo','Lake Elvera','Cuba'),(12,'m','1976-03-20',149,'Id consequatur rerum sint cons','Bauchhaven','Botswana'),(14,'x','2016-11-28',62,'Nostrum et consequatur delenit','Martaview','Seychelles'),(15,'f','1956-09-26',108,'Qui magnam modi iste quia id. ','Mervinstad','Aruba'),(16,'x','1959-10-14',59,'Perspiciatis atque accusantium','Ashtynville','Denmark'),(17,'m','1971-12-30',54,'Sed in labore sit sapiente ull','Schuppeside','Romania'),(18,'f','1951-11-26',1,'Cupiditate at et veniam. Alias','New Johnathanmouth','Algeria'),(19,'f','1979-08-18',4,'Totam aspernatur commodi omnis','New Tomhaven','Swaziland'),(20,'x','2019-12-28',96,'Molestiae culpa provident dolo','North Eugene','Turks and Caicos Islands'),(21,'f','1951-07-02',68,'Aut vel est nam suscipit ipsa ','East Reganchester','Indonesia'),(22,'m','1937-12-19',165,'Eum quia consequatur ab dolore','Dibbertfurt','Ethiopia'),(23,'f','1947-01-24',131,'Provident assumenda eius dolor','Mikemouth','Djibouti'),(24,'f','1959-05-05',198,'Ut vel voluptas veritatis aut.','Stiedemannview','Norway'),(25,'m','2003-03-17',101,'Deserunt veniam sint rem sed e','New Murphy','Maldives'),(26,'m','1959-04-30',124,'Hic hic quis molestias iste la','New Carley','Turkmenistan'),(28,'f','1946-03-27',48,'Rem non assumenda impedit poss','Weberborough','Sao Tome and Principe'),(30,'f','1910-09-20',65,'Quisquam sit voluptatem et dig','Terryburgh','Sweden'),(32,'x','1965-01-15',120,'Neque sint omnis illo earum pr','North Fannyshire','Cameroon'),(33,'m','1982-09-15',112,'Facere aut fugiat qui amet. Mi','Candidofurt','Bermuda'),(34,'x','1961-07-24',9,'Quis atque nesciunt doloribus ','Bergnaumburgh','Cape Verde'),(35,'f','1919-03-24',72,'Facilis facilis reiciendis con','Kundemouth','Chad'),(36,'f','1907-03-17',200,'Eos id autem ut harum odit pra','Lucioside','Mexico'),(37,'m','2005-07-11',115,'Hic ipsa molestiae dolorem ali','Fisherberg','El Salvador'),(38,'x','1928-08-31',87,'Maiores fugit in aut aut volup','Rosahaven','Grenada'),(39,'m','1934-08-22',187,'Odio amet quas ipsam qui labor','Hyatttown','Nicaragua'),(40,'m','1904-04-17',144,'Nulla est quam consequatur. Ea','Lake Carmenhaven','Northern Mariana Islands'),(43,'x','1960-11-25',92,'Voluptates dolore aut pariatur','Deanberg','Italy'),(44,'f','1966-01-11',183,'Explicabo quia eligendi maxime','Ardithchester','Bouvet Island (Bouvetoya)'),(45,'m','1971-02-26',27,'Quod sapiente nihil ex culpa r','North Carissa','Spain'),(46,'x','2002-12-01',199,'Voluptatum sed qui aliquid con','Hettingerbury','Swaziland'),(47,'x','1994-12-06',41,'Error nulla enim autem asperna','Karolannside','Gibraltar'),(48,'m','1947-04-28',81,'Adipisci nulla eius illo dicta','North Jackelinestad','Singapore'),(50,'f','1930-05-02',44,'Dicta dicta aut labore beatae ','Robertsfort','Netherlands Antilles'),(51,'x','1988-02-26',176,'Qui quisquam tempore rerum vol','Beattyton','Dominican Republic'),(55,'m','1904-02-12',64,'Ducimus omnis iste quia sed. E','Klingberg','Paraguay'),(56,'f','1992-03-17',110,'Rerum ratione ut illum et. Lab','Port Hans','Tanzania'),(58,'x','1920-11-03',123,'Minima dolorem doloremque reru','Lake Jonaschester','Lao People\'s Democratic Republic'),(59,'x','1987-02-17',158,'Et et voluptates aliquam non m','Dasialand','Macao'),(60,'f','1906-05-21',130,'Facere ut omnis rerum quae eni','South Fatima','Latvia'),(62,'f','1971-11-16',172,'Ut voluptates magnam cum quisq','South Reanna','Antarctica (the territory South of 60 deg S)'),(63,'x','1931-12-15',49,'Nisi quas est dolorum non quis','North Gisselleland','Togo'),(64,'m','1993-09-30',98,'Occaecati ipsum labore asperio','New Jalyn','Malawi'),(65,'m','1915-12-23',181,'Maxime ratione sed aut natus. ','South Reidbury','Uruguay'),(68,'x','1949-08-17',95,'Et debitis quia dolor dignissi','South Anikahaven','Sri Lanka'),(69,'x','1933-11-04',7,'Ut sit ut nulla dolores et. Vo','Estefanialand','Kenya'),(70,'f','1942-07-10',84,'Esse odio nam ea voluptas et l','New Madelyn','Liberia'),(71,'m','1954-01-24',38,'Laborum molestias aut quod vel','South Santino','Greenland'),(72,'x','1981-08-09',159,'Dolorum ipsa est excepturi con','Nickmouth','United States Minor Outlying Islands'),(75,'f','2013-10-27',141,'Eos incidunt totam repellendus','West Bernhard','Russian Federation'),(76,'x','2008-01-25',76,'Fugiat eum doloremque voluptat','Lake Westonton','Falkland Islands (Malvinas)'),(77,'m','1996-11-13',129,'Omnis sit incidunt expedita vo','West Zionhaven','Switzerland'),(78,'f','2010-06-17',182,'Quisquam voluptate dolores omn','Lonnyfort','Faroe Islands'),(79,'f','2009-11-26',156,'Corrupti laudantium quo offici','South Jillianland','Suriname'),(80,'x','1914-02-05',128,'Est recusandae eligendi magnam','Abbottmouth','United Arab Emirates'),(81,'m','1978-03-11',25,'Enim consequatur quia aut quis','Port Christellebury','Paraguay'),(84,'m','1984-06-20',34,'Doloribus omnis et iure ut. Qu','Zackeryton','Andorra'),(85,'f','2019-01-08',37,'Sunt cupiditate nostrum ea ex.','New Eli','Croatia'),(86,'f','1964-09-05',58,'Reprehenderit nostrum alias es','Magaliview','Guernsey'),(88,'x','1954-02-05',66,'Aliquam minus modi aliquid dol','West Otis','Lithuania'),(91,'m','1940-12-05',195,'Rerum est quasi laborum verita','Port Madilyn','Belarus'),(92,'x','1967-02-10',167,'Mollitia dignissimos in offici','Mertzborough','Peru'),(93,'x','1966-03-03',73,'Consequatur dolores magnam in.','Joyceshire','Nepal'),(96,'f','1954-06-22',53,'Voluptas molestiae quidem offi','West Anyatown','Austria'),(97,'m','1904-03-10',164,'Error ipsa sint architecto nis','East Adeleberg','Greenland'),(98,'m','1975-08-16',162,'Deleniti non commodi quasi ad ','Nitzschemouth','Rwanda'),(99,'x','1960-11-30',147,'Corrupti perspiciatis eligendi','North Ozella','Sudan'),(100,'m','2009-12-11',170,'Qui ut accusamus ullam error. ','Dessieside','France');
/*!40000 ALTER TABLE `profiles` ENABLE KEYS */;
UNLOCK TABLES;

--
-- Table structure for table `users`
--

DROP TABLE IF EXISTS `users`;
/*!40101 SET @saved_cs_client     = @@character_set_client */;
/*!40101 SET character_set_client = utf8 */;
CREATE TABLE `users` (
  `id` bigint(20) unsigned NOT NULL AUTO_INCREMENT,
  `first_name` varchar(145) COLLATE utf8mb4_unicode_ci NOT NULL,
  `last_name` varchar(145) COLLATE utf8mb4_unicode_ci NOT NULL,
  `email` varchar(145) COLLATE utf8mb4_unicode_ci NOT NULL,
  `phone` char(11) COLLATE utf8mb4_unicode_ci NOT NULL,
  `password_hash` char(65) COLLATE utf8mb4_unicode_ci DEFAULT NULL,
  `created_at` datetime NOT NULL DEFAULT current_timestamp(),
  PRIMARY KEY (`id`),
  UNIQUE KEY `email_idx` (`email`),
  UNIQUE KEY `phone_idx` (`phone`)
) ENGINE=InnoDB AUTO_INCREMENT=101 DEFAULT CHARSET=utf8mb4 COLLATE=utf8mb4_unicode_ci;
/*!40101 SET character_set_client = @saved_cs_client */;

--
-- Dumping data for table `users`
--

LOCK TABLES `users` WRITE;
/*!40000 ALTER TABLE `users` DISABLE KEYS */;
INSERT INTO `users` VALUES (1,'Fernando','Gibson','cgottlieb@example.net','88067288418','378042078908eeafbcf21a6d6ca18e3a21d7e1e4','2014-02-22 20:43:42'),(2,'Jennie','Beier','ola.kertzmann@example.org','86083156445','978aaffab48f84a08324e2714a349b0633013553','2020-08-30 10:21:12'),(3,'Gunner','Konopelski','kayli.blanda@example.org','86786689722','ee92ae6bd71a0ff9fdc16dc1fe3cc10f072f156b','2009-02-19 03:53:14'),(4,'Cale','Herman','bailey.nikki@example.org','89110984358','f6dc07b7fe5f1fe5d1f1693f69c709aab5f47312','2011-04-06 04:32:04'),(5,'Jarrett','Corwin','andres.maggio@example.com','88778206478','40bb5750e6df89fb553dca19902f5243b99654c0','2002-01-20 17:46:32'),(6,'Jonathan','Swift','geovany60@example.org','87792563594','99cc5f771e519930d9f75b013de9ac375d9fc311','2015-05-02 08:33:07'),(7,'Magali','Mraz','gmosciski@example.net','87119378821','a71f9f254e89970257527e0ef8631e51b64dd6e8','2018-04-24 00:09:17'),(8,'Maegan','Funk','sanford.gerard@example.org','84392160187','db53f5c95180d691c1a3194089fbd196d899683e','2015-10-27 00:13:34'),(9,'Toni','Kertzmann','djacobi@example.org','83917745515','03098800961f09c47b79f48bbcfa63a5a9e901c1','2014-06-12 15:18:56'),(10,'Pietro','Quitzon','drew02@example.com','88933049601','e353f73eaef92e0ff4b96b6cf4393756f0ab3e28','2005-04-14 16:57:21'),(11,'Isom','DuBuque','sabina86@example.com','81964580214','3bf8b8f876d683377f33cdb5ca6491da850c5036','2004-12-10 12:42:21'),(12,'Shane','Lakin','cade91@example.com','84525539981','c4cdf53aecc7dfbf827142a36e865b447ded556f','2002-09-09 15:11:24'),(13,'Greg','Goldner','gorczany.garfield@example.net','88561265565','603602df6324f83441a21caee84ccbf11dcb6814','2008-02-27 04:24:18'),(14,'Kaia','McGlynn','pcrist@example.org','86872329246','1bffcf0ee0b95b043408ca105427cd89737a4426','2008-11-25 01:47:25'),(15,'Giovanni','Kub','weissnat.michael@example.net','88582638060','bb61fcc8e57f608c15cd1f470020476c62450030','2020-04-21 04:10:54'),(16,'Efren','Crist','schowalter.sheila@example.com','85052947646','1787011a8a9e623c95c40de8b265f83625a7adc6','2011-01-24 04:27:37'),(17,'Alvah','Nicolas','ron87@example.org','89722504829','48f9ffa0899920e08de06cfc0639481d0c8a4205','2010-10-24 15:33:50'),(18,'Karianne','Abshire','lmayert@example.net','84543012173','e152b366586c81a503ebde313db917c9d24d8dcf','2005-02-11 17:23:31'),(19,'Kendrick','Aufderhar','ebergstrom@example.org','85856040092','320dbd08b050f403b300fe69298ad4ae3577d6c8','2017-07-02 10:00:15'),(20,'Daija','D\'Amore','saltenwerth@example.com','88332901311','42a2871ce8e95e7bb350dee30f0c3d73125df3f0','2003-02-04 01:36:26'),(21,'Neva','Kihn','zcole@example.org','82256778076','a1a53e93aecdcc6a0025e317bb8554d6ba7bff35','2011-08-17 21:10:19'),(22,'Harrison','Witting','quigley.francisca@example.com','85493659353','8ed86a91127b232ec91448ad2a504642295046c2','2002-09-12 01:29:46'),(23,'Brandyn','Stracke','sigrid26@example.org','87071252355','e22fe9243a8549f61231fa121759287700d8b7b8','2018-07-06 23:21:29'),(24,'Colten','McGlynn','langosh.sean@example.com','86072377686','94c7fa14e970a2f25c984997462fde61a35301c0','2009-03-30 09:26:03'),(25,'Allene','Padberg','rath.gia@example.org','84860898122','f746fe147621cd7f75093418780af6e6ab45c62e','2004-12-11 07:34:08'),(26,'Margarette','McGlynn','elna14@example.org','88466670661','3eab07d62d7cf237da36d8c6c005559ca32161bb','2008-09-13 15:18:47'),(27,'Torrance','Osinski','ankunding.orlo@example.com','81378697050','9b7b2404b1fbe63eaa298d2848aa9325a47f35b8','2003-11-15 18:50:41'),(28,'Eula','Rosenbaum','dereck.bayer@example.net','81301592633','f0a1b8da1c1b77372f8a6f806bd095cdcf75df1d','2018-10-02 14:26:43'),(29,'Dora','Zboncak','xbode@example.com','83661133378','3886add119da854402a5798dc548ead46cf13c57','2006-04-01 07:33:17'),(30,'Jalon','Fisher','hickle.tania@example.org','85090319337','082d1a5ad77cba31159d7565a0627c69e2cb4ad7','2019-09-28 16:26:49'),(31,'Emilio','Murray','yvandervort@example.org','89140894310','240e2ede13cd44a242dd2ec96d751a9c0aef2451','2008-01-10 12:20:40'),(32,'Teagan','Collins','ogrant@example.com','82248691281','2f4fb041a5ada95d3a64c83b84c0f3b856d6b077','2017-07-04 23:16:57'),(33,'Marco','Bechtelar','yhodkiewicz@example.net','86822607679','57aac51452a0ca8b2d81d3002207ebf08298ba7a','2012-11-04 05:52:35'),(34,'Guadalupe','Gleason','walker.genoveva@example.net','88365371225','97c2dba3a25e6146fb583dc60b8bda56d54740fd','2004-09-17 18:39:52'),(35,'Amie','O\'Conner','vena.bode@example.org','82527636198','5050476cb7135118ca6e92b9e733b59681b7a6e1','2008-04-09 06:33:49'),(36,'Rosina','Wyman','rath.randi@example.com','86935880868','28e7231550d82c7340122e4a9d759454c4053e01','2011-06-15 12:49:38'),(37,'Solon','Jast','gislason.augusta@example.org','85628541890','b50cca904b52bed3cd2c79cb0ae419065ddc58fa','2011-09-25 14:48:20'),(38,'Nova','Quigley','dibbert.alexandra@example.org','81722161064','1fbcd4317c80abd14772ae5df6fa214bfb8dbde6','2016-12-17 08:34:45'),(39,'Vance','O\'Hara','rubie47@example.org','89624703315','75edeb1615b3ddec422c80e579e4126bf8395f99','2013-09-16 21:29:49'),(40,'Sammie','Paucek','raynor.dayna@example.org','81578935555','dbc82ba79d535d68aad2dbb52a3a068ed3dec2d4','2001-09-14 11:47:57'),(41,'Theresa','Schaden','fwatsica@example.com','87134664341','6e7b48e437ad60c5e7f734773e95bf35b3e123ce','2006-06-07 03:14:43'),(42,'Willa','Bogisich','maryse.senger@example.com','87066968444','1f9c6852554d017e27a7f7c07bfae6511b5dfdf9','2017-01-02 20:39:54'),(43,'Pamela','Cassin','iledner@example.org','86456065795','92fb1100e35e7b633c645117e242dbd6867accb8','2001-05-29 14:34:09'),(44,'Marlon','Funk','martina74@example.org','87673539406','9b5e21f02e535c025e3d1c06922f581c0ef6751c','2009-08-09 02:37:02'),(45,'Jaiden','Keeling','trystan.turcotte@example.org','87370730768','ee3f7a4495e66c4ec49fcd8af8f902b847c2bdec','2013-05-04 20:01:32'),(46,'Alexanne','White','christian38@example.net','84090434095','463f67c8c636a186b03a75521bd8d4a11d5b4efb','2004-08-20 21:23:01'),(47,'Kallie','Schiller','zetta43@example.org','88281574860','a75ec4bfec024234e15f35325469b52e6c70f8d9','2001-09-19 15:01:58'),(48,'Everette','Weber','wisozk.sid@example.com','89356946126','cca4bffa50c57b10b7f5e7206416449e05dc64f7','2014-10-25 14:11:27'),(49,'Ellen','Corwin','mzboncak@example.com','85163235643','2e5d884c40cc7eaf6b4e3d58b5b77d625110a363','2017-04-07 00:00:08'),(50,'Eugenia','Will','joanne30@example.org','86252525308','4fbc348c641be9f23708b341230ce8c1720b7af0','2007-07-13 00:39:31'),(51,'Rey','Cummerata','qbecker@example.net','83482089380','2970a1c75c842257e35a433694b409e248a670ab','2014-10-27 05:16:41'),(52,'Orie','Lebsack','cassandra59@example.com','89773784768','4b2fbf6b6db6dfa2fdf5016502d4787fd7583a46','2014-01-26 04:28:33'),(53,'Hailey','Stamm','ehills@example.com','89431750489','56a6a48f46f8cb289ac50f0ebd499f38229f36a4','2007-04-28 18:43:14'),(54,'Yasmeen','Pagac','powlowski.jeffery@example.com','83528435457','bf94ff38391d5a9533b3589d6be3ab712c47ff82','2020-02-25 20:30:17'),(55,'Raheem','Dicki','fritsch.kameron@example.com','86314841102','7ac035f5181890eadef6144d2710a7ff8b75ff4b','2014-01-29 04:54:45'),(56,'Nichole','Beier','cdickinson@example.net','85856507462','5e3e822b02336ce7d786b22449fff915970de5eb','2000-05-07 08:50:14'),(57,'Teagan','Sporer','weber.nellie@example.org','88780512774','d1915fc10c895a4db2bfd729c411056734fef843','2018-04-13 00:45:58'),(58,'Kaylah','Ullrich','arvilla.von@example.org','89295869448','de310bfb263ac5493880e2a7312098ba43e105c1','2018-10-20 18:27:38'),(59,'Enrique','Ledner','xhilpert@example.com','87616328384','41fd24740f9e9a3404d1213057174d64d38e7dce','2010-10-24 03:14:21'),(60,'Dereck','Bayer','jaylan41@example.org','85187206615','1a4b88542974c3617e2b237cbe899110244014a6','2021-04-05 17:55:38'),(61,'Alfred','Torphy','dimitri31@example.com','84491326261','896ee2aec22c2fe4321217357a85c5476fe7fcb7','2001-01-31 09:09:46'),(62,'Lea','Zemlak','mante.jordan@example.org','83798599699','84e8a2ecc19d9e90fea4f89bf311743371b00fa5','2007-12-16 04:36:20'),(63,'Winston','Kozey','halvorson.maxie@example.com','89294122054','acf42f98fc6cb609bcedd95f0d9d6c8df9e3a261','2017-06-10 08:31:41'),(64,'Clementine','Boyle','jody.hills@example.org','86685110807','8fbe6688fb9149e81465351eb83e6a5649969b72','2003-07-16 08:05:45'),(65,'Dedric','Lebsack','parker.torrey@example.net','85889878003','283be8e0be5bec1c228bbcf98887c8938850e48f','2020-02-06 22:30:34'),(66,'Orpha','Sauer','bernhard.ahmed@example.net','84054219744','cf8aaaca1be4b75b2ec3d17bd7d1ce5fdee5b7a5','2017-05-25 08:24:16'),(67,'Tierra','Stiedemann','ccarroll@example.com','89418453339','256db7771ee220a909471b8c0a8a793b1658fd03','2020-08-22 05:50:54'),(68,'Philip','Grady','karli.breitenberg@example.org','81351662231','f06d95c73fc663537a2cceb03147d8b022f7ed48','2010-07-21 06:59:12'),(69,'Sunny','Wyman','howe.annamarie@example.net','81740693798','7d96481f6f9c86b91cb31958406ccc189b37ae79','2013-09-06 03:30:03'),(70,'Concepcion','Wyman','ernest14@example.org','84973074886','fd18616d700ee0235f5fb7c1ba1ddd98a4dcde81','2003-01-07 23:38:55'),(71,'Hobart','Ward','pemard@example.com','82506619679','edf815d7c4e7eb01d83dca04744fe2911bf4e874','2015-05-02 01:14:56'),(72,'Keenan','Schmidt','cassin.cassie@example.net','83257899047','fdd5835a6706c0fb1821687ca200e07273ff8199','2018-08-10 11:04:31'),(73,'Annalise','Beer','balistreri.alisha@example.com','84592643668','2cf2b88666d1376038085e72d0ddaa3465cb7c3d','2010-06-04 21:48:31'),(74,'Kamille','Cummerata','elsa.kunze@example.org','81882091311','2ae9ce0d138e3217be73aeb7d048e93ff100f03d','2015-04-01 04:25:17'),(75,'Ramiro','Gleichner','rubie.kulas@example.com','89859228243','8d397e9c221c80d99074931f762305f53e1b1f9e','2018-08-11 10:32:13'),(76,'Isai','Abernathy','dorthy92@example.org','87890681192','0ad260d79a6f304ad075651297754f6af3c9c73a','2020-03-09 14:26:07'),(77,'Arnold','Greenholt','dubuque.lance@example.net','87982898485','9a77070c29eb9d9247ebbd56fcf484f3b93dfacd','2005-03-15 05:08:54'),(78,'Maegan','Fritsch','dooley.gail@example.org','81236252645','532f542b78df70f52befcd16ea567697cf1e59c1','2011-12-20 16:36:00'),(79,'Delilah','Schoen','gudrun.koelpin@example.com','82772396658','add7a56d7b4fb03b3ad911595ee5b2faf5c51a4b','2000-01-15 10:57:48'),(80,'Chris','Wunsch','yheidenreich@example.com','88209747444','32e01a6a66b4de1787de09cda8f854a853714f94','2004-12-13 16:05:38'),(81,'Taurean','Gottlieb','zhomenick@example.com','88180850511','991bc668d40cb85e601fe0ed691f62d480f37c3e','2000-05-11 05:49:36'),(82,'Aubree','Stokes','rjenkins@example.org','87844692222','567a88310488d05274370a9549752d0ca71ae71e','2010-08-24 12:20:54'),(83,'Vida','Carter','nya.casper@example.org','82308422166','f31b43db110cb1ecb8bd25dd8e3876cc2ed40f24','2005-12-11 04:11:12'),(84,'Teagan','Balistreri','stamm.marquise@example.com','86081629632','f7a9c81207501f7892ed7f1558dd13e22c18de39','2008-07-21 12:03:59'),(85,'Ashleigh','Senger','ibrahim.connelly@example.org','85174377688','58c39581604d4995c1526dab0c920559f187a569','2005-07-29 02:09:26'),(86,'Tremayne','Gorczany','rkessler@example.org','85917356804','cb0b907cc8949a3b875aa3e77eade8917f2078a5','2009-11-10 22:24:08'),(87,'Junior','Stamm','torp.keira@example.org','83889195446','8a4a97ab8d116cd2d64e3bab4d1051c266aab00c','2009-08-31 16:49:48'),(88,'Fabiola','Ryan','ucremin@example.org','88165924930','4a2416d13f24811189a8449b3ad1797d2a8afddb','2009-08-31 06:02:18'),(89,'Johnnie','Schamberger','aleannon@example.com','81634422522','3b63786e12530096e6989cde854d9e14a1e35957','2008-08-15 21:27:12'),(90,'Lempi','Mann','o\'kon.baron@example.com','86629728112','1fea0afb9e9ea6350e0c3efd5d372dbe982a4116','2015-05-13 00:08:00'),(91,'Jessika','King','schmitt.brennan@example.org','87851533107','7082fee8b5daa865b6c53905571c57ccf6bc69c9','2020-07-11 06:55:26'),(92,'Demarco','Koss','pfahey@example.org','82081000696','baea7b77ed1b87957b3865a1c4ac28cf2cab93ca','2020-09-21 13:21:19'),(93,'Wilmer','Mayert','ruthe.gleichner@example.org','87472139492','d768c1df9e0e930e9d3824062da8cf833ad65ad5','2016-11-12 06:50:45'),(94,'Kenna','Hagenes','tremblay.maximillia@example.org','86304516329','a0df119eb5ac519f3262024290a06dd25e8cafc7','2016-08-12 14:28:38'),(95,'Rhiannon','Macejkovic','garnett.hansen@example.com','81294567086','4f2d664ba8c9baa50f64135e7dfd388ed2a1aacc','2011-08-16 12:27:50'),(96,'Rosendo','Dooley','ymohr@example.org','87013050838','649625fa6cd30ecc1cb7a9c60f4d2bc974a94ada','2009-12-11 22:17:49'),(97,'Theo','Halvorson','prohaska.alessandro@example.net','87335606898','81b560dacbdca09c66b41dc2f96159087d4d0447','2020-12-01 02:48:33'),(98,'Lacey','Heidenreich','dweissnat@example.org','88630617404','38a0b6e8f23cf0d51009090b9e7fb0b146656945','2017-09-04 20:36:31'),(99,'Ida','Barrows','morar.cassie@example.org','83071338729','acd3562e49376179fd6d553f9cb18c0b533387f7','2015-06-25 11:58:11'),(100,'Vito','Cartwright','murray22@example.net','87714753271','11c62f67e2d559f6a8ee9b9eda120390b7e3dc62','2010-06-25 10:49:08');
/*!40000 ALTER TABLE `users` ENABLE KEYS */;
UNLOCK TABLES;
/*!40103 SET TIME_ZONE=@OLD_TIME_ZONE */;
SHOW tables;

/*!40101 SET SQL_MODE=@OLD_SQL_MODE */;
/*!40014 SET FOREIGN_KEY_CHECKS=@OLD_FOREIGN_KEY_CHECKS */;
/*!40014 SET UNIQUE_CHECKS=@OLD_UNIQUE_CHECKS */;
/*!40101 SET CHARACTER_SET_CLIENT=@OLD_CHARACTER_SET_CLIENT */;
/*!40101 SET CHARACTER_SET_RESULTS=@OLD_CHARACTER_SET_RESULTS */;
/*!40101 SET COLLATION_CONNECTION=@OLD_COLLATION_CONNECTION */;
/*!40111 SET SQL_NOTES=@OLD_SQL_NOTES */;

-- Dump completed on 2021-04-07 11:13:54
